﻿<?xml version="1.0" encoding="utf-8"?>
<UIState xmlns:xsi="http://www.w3.org/2001/XMLSchema-instance" xmlns:xsd="http://www.w3.org/2001/XMLSchema">
  <Settings>
    <UISetting Key="SelectedAnemometer">&lt;Anemometer&gt;Reference&lt;/Anemometer&gt;</UISetting>
    <UISetting Key="RealTimeChartParameters_0">&lt;string&gt;CHMU_276_FCC_AVG_PITCH_CPT_PCT&lt;/string&gt;</UISetting>
    <UISetting Key="RealTimeChartParameters_1">&lt;string&gt;CHMU_277_FCC_AVG_ROLL_CPT_PCT&lt;/string&gt;</UISetting>
    <UISetting Key="RealTimeChartParameters_2">&lt;string&gt;TORQUE&lt;/string&gt;</UISetting>
    <UISetting Key="RealTimeChartParameters_3">&lt;string&gt;CHMU_278_FCC_AVG_YAW_CPT_PCT&lt;/string&gt;</UISetting>
    <UISetting Key="RealTimeChartParameters_4">&lt;string&gt;MF2_022_CAAS_RADALT_FT&lt;/string&gt;</UISetting>
    <UISetting Key="RealTimeChartParameters_5">&lt;string&gt;ShipMaxPitch&lt;/string&gt;</UISetting>
    <UISetting Key="RealTimeChartParameters_6">&lt;string p1:nil="true" xmlns:p1="http://www.w3.org/2001/XMLSchema-instance" /&gt;</UISetting>
    <UISetting Key="RealTimeChartParameters_7">&lt;string p1:nil="true" xmlns:p1="http://www.w3.org/2001/XMLSchema-instance" /&gt;</UISetting>
    <UISetting Key="SelectedPilotId">&lt;int&gt;13&lt;/int&gt;</UISetting>
    <UISetting Key="DateTimeStatusSourceName">&lt;string&gt;PC&lt;/string&gt;</UISetting>
    <UISetting Key="SelectedTab">&lt;int&gt;0&lt;/int&gt;</UISetting>
    <UISetting Key="SelectedRWTab">&lt;int&gt;0&lt;/int&gt;</UISetting>
    <UISetting Key="TargetPoints">&lt;ArrayOfTargetPoint xmlns:xsi="http://www.w3.org/2001/XMLSchema-instance" xmlns:xsd="http://www.w3.org/2001/XMLSchema" /&gt;</UISetting>
    <UISetting Key="TargetPointsNextName">&lt;char&gt;71&lt;/char&gt;</UISetting>
    <UISetting Key="Theme">&lt;Theme&gt;Day&lt;/Theme&gt;</UISetting>
    <UISetting Key="TestPointTargetWs">&lt;string&gt;33000+15&lt;/string&gt;</UISetting>
    <UISetting Key="TestPointDeckType">&lt;string&gt;Other&lt;/string&gt;</UISetting>
    <UISetting Key="TestPointApproach">&lt;string&gt;Port&lt;/string&gt;</UISetting>
    <UISetting Key="TestPointEvolutionType">&lt;EvolutionType&gt;Recovery&lt;/EvolutionType&gt;</UISetting>
    <UISetting Key="TestPointPilotTechinque">&lt;string&gt;Normal&lt;/string&gt;</UISetting>
    <UISetting Key="TestPointLighting">&lt;LightingCondition&gt;Day&lt;/LightingCondition&gt;</UISetting>
    <UISetting Key="TestPointMode">&lt;string&gt;Test&lt;/string&gt;</UISetting>
    <UISetting Key="TestPointSpot">&lt;string&gt;6&lt;/string&gt;</UISetting>
    <UISetting Key="TestPointOutsideAirTemperature">&lt;string&gt;16&lt;/string&gt;</UISetting>
    <UISetting Key="TestPointQNH">&lt;string&gt;1014&lt;/string&gt;</UISetting>
    <UISetting Key="RealTimeChartColumns">&lt;int&gt;2&lt;/int&gt;</UISetting>
    <UISetting Key="RealTimeChartParameters_8">&lt;string p1:nil="true" xmlns:p1="http://www.w3.org/2001/XMLSchema-instance" /&gt;</UISetting>
    <UISetting Key="RealTimeChartParameters_9">&lt;string p1:nil="true" xmlns:p1="http://www.w3.org/2001/XMLSchema-instance" /&gt;</UISetting>
    <UISetting Key="RealTimeChartParameters_10">&lt;string p1:nil="true" xmlns:p1="http://www.w3.org/2001/XMLSchema-instance" /&gt;</UISetting>
    <UISetting Key="RealTimeChartParameters_11">&lt;string p1:nil="true" xmlns:p1="http://www.w3.org/2001/XMLSchema-instance" /&gt;</UISetting>
    <UISetting Key="RealTimeChartRows">&lt;int&gt;3&lt;/int&gt;</UISetting>
    <UISetting Key="HistoricChartParameters_1">&lt;string&gt;CHMU_276_FCC_AVG_PITCH_CPT_PCT&lt;/string&gt;</UISetting>
    <UISetting Key="HistoricChartParameters_2">&lt;string&gt;CHMU_277_FCC_AVG_ROLL_CPT_PCT&lt;/string&gt;</UISetting>
    <UISetting Key="HistoricChartParameters_3">&lt;string&gt;TORQUE&lt;/string&gt;</UISetting>
    <UISetting Key="HistoricChartParameters_4">&lt;string&gt;CHMU_278_FCC_AVG_YAW_CPT_PCT&lt;/string&gt;</UISetting>
    <UISetting Key="HistoricChartParameters_5">&lt;string&gt;MF2_022_CAAS_RADALT_FT&lt;/string&gt;</UISetting>
    <UISetting Key="HistoricChartParameters_6">&lt;string&gt;ShipMaxPitch&lt;/string&gt;</UISetting>
    <UISetting Key="HistoricChartParameters_7">&lt;string&gt;MF2_089_SHIP_PITCH_ANGLE&lt;/string&gt;</UISetting>
    <UISetting Key="HistoricChartParameters_8">&lt;string&gt;MF2_088_SHIP_ROLL_ANGLE&lt;/string&gt;</UISetting>
    <UISetting Key="SortieSeaState">&lt;int&gt;0&lt;/int&gt;</UISetting>
    <UISetting Key="SortieLux">&lt;string p1:nil="true" xmlns:p1="http://www.w3.org/2001/XMLSchema-instance" /&gt;</UISetting>
    <UISetting Key="SortieWeather">&lt;string p1:nil="true" xmlns:p1="http://www.w3.org/2001/XMLSchema-instance" /&gt;</UISetting>
    <UISetting Key="SortieComment">&lt;string p1:nil="true" xmlns:p1="http://www.w3.org/2001/XMLSchema-instance" /&gt;</UISetting>
    <UISetting Key="OnBoardCrew_Left Pilot">&lt;CrewIdOrBallast xmlns:xsi="http://www.w3.org/2001/XMLSchema-instance" xmlns:xsd="http://www.w3.org/2001/XMLSchema"&gt;&lt;CrewId&gt;13&lt;/CrewId&gt;&lt;/CrewIdOrBallast&gt;</UISetting>
    <UISetting Key="OnBoardCrew_Right Pilot">&lt;CrewIdOrBallast xmlns:xsi="http://www.w3.org/2001/XMLSchema-instance" xmlns:xsd="http://www.w3.org/2001/XMLSchema"&gt;&lt;CrewId&gt;17&lt;/CrewId&gt;&lt;/CrewIdOrBallast&gt;</UISetting>
    <UISetting Key="OnBoardCrew_Jump">&lt;CrewIdOrBallast xmlns:xsi="http://www.w3.org/2001/XMLSchema-instance" xmlns:xsd="http://www.w3.org/2001/XMLSchema"&gt;&lt;CrewId xsi:nil="true" /&gt;&lt;/CrewIdOrBallast&gt;</UISetting>
    <UISetting Key="OnBoardCrew_Crew 1">&lt;CrewIdOrBallast xmlns:xsi="http://www.w3.org/2001/XMLSchema-instance" xmlns:xsd="http://www.w3.org/2001/XMLSchema"&gt;&lt;CrewId&gt;21&lt;/CrewId&gt;&lt;/CrewIdOrBallast&gt;</UISetting>
    <UISetting Key="OnBoardCrew_Crew 2">&lt;CrewIdOrBallast xmlns:xsi="http://www.w3.org/2001/XMLSchema-instance" xmlns:xsd="http://www.w3.org/2001/XMLSchema"&gt;&lt;CrewId&gt;20&lt;/CrewId&gt;&lt;/CrewIdOrBallast&gt;</UISetting>
    <UISetting Key="OnBoardCrew_FTE">&lt;CrewIdOrBallast xmlns:xsi="http://www.w3.org/2001/XMLSchema-instance" xmlns:xsd="http://www.w3.org/2001/XMLSchema"&gt;&lt;CrewId&gt;18&lt;/CrewId&gt;&lt;/CrewIdOrBallast&gt;</UISetting>
    <UISetting Key="SelectedTimeHistoryEvolutionId">&lt;int&gt;53&lt;/int&gt;</UISetting>
    <UISetting Key="RWShowTestPoints">&lt;boolean&gt;true&lt;/boolean&gt;</UISetting>
    <UISetting Key="RWShowTargetPoints">&lt;boolean&gt;true&lt;/boolean&gt;</UISetting>
    <UISetting Key="RWShowWindFootball">&lt;boolean&gt;true&lt;/boolean&gt;</UISetting>
    <UISetting Key="HistoricChartColumns">&lt;int&gt;2&lt;/int&gt;</UISetting>
    <UISetting Key="HistoricChartRows">&lt;int&gt;3&lt;/int&gt;</UISetting>
  </Settings>
</UIState>