﻿<?xml version="1.0" encoding="utf-8"?>
<EquipmentList xmlns:xsi="http://www.w3.org/2001/XMLSchema-instance" xmlns:xsd="http://www.w3.org/2001/XMLSchema">
  <Items>
    <EquipmentItem Id="22">
      <MomentArm>
        <Weight>1133.9822735890994</Weight>
        <Longitudinal>300</Longitudinal>
        <Latitudinal>0.1</Latitudinal>
      </MomentArm>
      <Name>Water Tank 1</Name>
      <IsEquipped>true</IsEquipped>
    </EquipmentItem>
    <EquipmentItem Id="23">
      <MomentArm>
        <Weight>1133.9822735890994</Weight>
        <Longitudinal>242</Longitudinal>
        <Latitudinal>0</Latitudinal>
      </MomentArm>
      <Name>Water Tank 2</Name>
      <IsEquipped>false</IsEquipped>
    </EquipmentItem>
    <EquipmentItem Id="24">
      <MomentArm>
        <Weight>1133.9822735890994</Weight>
        <Longitudinal>364</Longitudinal>
        <Latitudinal>-0.1</Latitudinal>
      </MomentArm>
      <Name>Water Tank 4</Name>
      <IsEquipped>false</IsEquipped>
    </EquipmentItem>
    <EquipmentItem Id="25">
      <MomentArm>
        <Weight>1133.9822735890994</Weight>
        <Longitudinal>303</Longitudinal>
        <Latitudinal>0.1</Latitudinal>
      </MomentArm>
      <Name>Water Tank 3</Name>
      <IsEquipped>false</IsEquipped>
    </EquipmentItem>
    <EquipmentItem Id="26">
      <MomentArm>
        <Weight>825.53909517286434</Weight>
        <Longitudinal>2.5</Longitudinal>
        <Latitudinal>0.1</Latitudinal>
      </MomentArm>
      <Name>Ballast Pallette 1</Name>
      <IsEquipped>false</IsEquipped>
    </EquipmentItem>
    <EquipmentItem Id="27">
      <MomentArm>
        <Weight>825.53909517286434</Weight>
        <Longitudinal>2</Longitudinal>
        <Latitudinal>-0.1</Latitudinal>
      </MomentArm>
      <Name>Ballast Pallette 2</Name>
      <IsEquipped>false</IsEquipped>
    </EquipmentItem>
    <EquipmentItem Id="28">
      <MomentArm>
        <Weight>825.53909517286434</Weight>
        <Longitudinal>3</Longitudinal>
        <Latitudinal>0</Latitudinal>
      </MomentArm>
      <Name>Ballast Pallette 3</Name>
      <IsEquipped>false</IsEquipped>
    </EquipmentItem>
    <EquipmentItem Id="29">
      <MomentArm>
        <Weight>825.53909517286434</Weight>
        <Longitudinal>3.5</Longitudinal>
        <Latitudinal>0.1</Latitudinal>
      </MomentArm>
      <Name>Ballast Pallette 4</Name>
      <IsEquipped>false</IsEquipped>
    </EquipmentItem>
    <EquipmentItem Id="30">
      <MomentArm>
        <Weight>340.1946820767298</Weight>
        <Longitudinal>220</Longitudinal>
        <Latitudinal>0</Latitudinal>
      </MomentArm>
      <Name>FTI</Name>
      <IsEquipped>true</IsEquipped>
    </EquipmentItem>
    <EquipmentItem Id="32">
      <MomentArm>
        <Weight>136.07787283069192</Weight>
        <Longitudinal>200</Longitudinal>
        <Latitudinal>0</Latitudinal>
      </MomentArm>
      <Name>Mission Equipment</Name>
      <IsEquipped>false</IsEquipped>
    </EquipmentItem>
    <EquipmentItem Id="33">
      <MomentArm>
        <Weight>494.41627128484731</Weight>
        <Longitudinal>280</Longitudinal>
        <Latitudinal>0</Latitudinal>
      </MomentArm>
      <Name>Aircraft Equipment</Name>
      <IsEquipped>true</IsEquipped>
    </EquipmentItem>
  </Items>
  <NextID>34</NextID>
</EquipmentList>