﻿<?xml version="1.0" encoding="utf-8"?>
<CrewList xmlns:xsi="http://www.w3.org/2001/XMLSchema-instance" xmlns:xsd="http://www.w3.org/2001/XMLSchema">
  <Crew>
    <CrewMember Id="13">
      <Name>Weatherstone</Name>
      <Weight Units="Pounds">200.00000000000003</Weight>
      <Role>Pilot</Role>
    </CrewMember>
    <CrewMember Id="17">
      <Name>Hamilton</Name>
      <Weight Units="Pounds">190</Weight>
      <Role>Pilot</Role>
    </CrewMember>
    <CrewMember Id="18">
      <Name>Campbell</Name>
      <Weight Units="Pounds">190</Weight>
      <Role>FlightTestEngineer</Role>
    </CrewMember>
    <CrewMember Id="19">
      <Name>Watson</Name>
      <Weight Units="Pounds">190</Weight>
      <Role>FlightTestEngineer</Role>
    </CrewMember>
    <CrewMember Id="20">
      <Name>Hartnett</Name>
      <Weight Units="Pounds">190</Weight>
      <Role>Crew</Role>
    </CrewMember>
    <CrewMember Id="21">
      <Name>Shaw</Name>
      <Weight Units="Pounds">200.00000000000003</Weight>
      <Role>Crew</Role>
    </CrewMember>
    <CrewMember Id="22">
      <Name>Machin</Name>
      <Weight Units="Pounds">200.00000000000003</Weight>
      <Role>FlightTestEngineer</Role>
    </CrewMember>
    <CrewMember Id="23">
      <Name>Brown</Name>
      <Weight Units="Pounds">200.00000000000003</Weight>
      <Role>FlightTestEngineer</Role>
    </CrewMember>
    <CrewMember Id="24">
      <Name>Everett</Name>
      <Weight Units="Pounds">200.00000000000003</Weight>
      <Role>Pilot</Role>
    </CrewMember>
    <CrewMember Id="25">
      <Name>Masterson</Name>
      <Weight Units="Pounds">190</Weight>
      <Role>Pilot</Role>
    </CrewMember>
    <CrewMember Id="26">
      <Name>Burton</Name>
      <Weight Units="Pounds">200.00000000000003</Weight>
      <Role>Crew</Role>
    </CrewMember>
    <CrewMember Id="27">
      <Name>McNulty</Name>
      <Weight Units="Pounds">200.00000000000003</Weight>
      <Role>Crew</Role>
    </CrewMember>
    <CrewMember Id="28">
      <Name>McNeal</Name>
      <Weight Units="Pounds">200.00000000000003</Weight>
      <Role>Crew</Role>
    </CrewMember>
  </Crew>
  <NextID>29</NextID>
</CrewList>