﻿<?xml version="1.0" encoding="utf-8"?>
<!--This file is auto-generated by the SHOLDS Configuration Tool. It should not be edited by hand.-->
<xidml Version="3.0.0">
  <Parameters>
    <ParameterSet>
      <Parameter Name="Sample_Parameter">
        <BaseUnit>Unitless</BaseUnit>
        <SizeInBits>64</SizeInBits>
        <DataFormat>IEEE-754-Float-Double</DataFormat>
        <Enumerations />
      </Parameter>
      <Parameter Name="Sample_Torque">
        <BaseUnit>Unitless</BaseUnit>
        <SizeInBits>64</SizeInBits>
        <DataFormat>IEEE-754-Float-Double</DataFormat>
        <Enumerations />
      </Parameter>
      <Parameter Name="TORQUE">
        <BaseUnit>Unitless</BaseUnit>
        <SizeInBits>64</SizeInBits>
        <DataFormat>IEEE-754-Float-Double</DataFormat>
        <Enumerations />
      </Parameter>
      <Parameter Name="Average_Wind_Speed">
        <BaseUnit>Unitless</BaseUnit>
        <SizeInBits>64</SizeInBits>
        <DataFormat>IEEE-754-Float-Double</DataFormat>
        <Enumerations />
      </Parameter>
      <Parameter Name="Average_Wind_Direction">
        <BaseUnit>Unitless</BaseUnit>
        <SizeInBits>64</SizeInBits>
        <DataFormat>IEEE-754-Float-Double</DataFormat>
        <Enumerations />
      </Parameter>
      <Parameter Name="ShipMaxPitch">
        <BaseUnit>Unitless</BaseUnit>
        <SizeInBits>64</SizeInBits>
        <DataFormat>IEEE-754-Float-Double</DataFormat>
        <Enumerations />
      </Parameter>
      <Parameter Name="ShipMaxRoll">
        <BaseUnit>Unitless</BaseUnit>
        <SizeInBits>64</SizeInBits>
        <DataFormat>IEEE-754-Float-Double</DataFormat>
        <Enumerations />
      </Parameter>
      <Parameter Name="Ship_List">
        <BaseUnit>Unitless</BaseUnit>
        <SizeInBits>64</SizeInBits>
        <DataFormat>IEEE-754-Float-Double</DataFormat>
        <Enumerations />
      </Parameter>
      <Parameter Name="Ship_Set">
        <BaseUnit>Unitless</BaseUnit>
        <SizeInBits>64</SizeInBits>
        <DataFormat>IEEE-754-Float-Double</DataFormat>
        <Enumerations />
      </Parameter>
      <Parameter Name="Ship_Dynamic_Pitch">
        <BaseUnit>Unitless</BaseUnit>
        <SizeInBits>64</SizeInBits>
        <DataFormat>IEEE-754-Float-Double</DataFormat>
        <Enumerations />
      </Parameter>
      <Parameter Name="Ship_Dynamic_Roll">
        <BaseUnit>Unitless</BaseUnit>
        <SizeInBits>64</SizeInBits>
        <DataFormat>IEEE-754-Float-Double</DataFormat>
        <Enumerations />
      </Parameter>
      <Parameter Name="ShipMaxDynamicPitch">
        <BaseUnit>Unitless</BaseUnit>
        <SizeInBits>64</SizeInBits>
        <DataFormat>IEEE-754-Float-Double</DataFormat>
        <Enumerations />
      </Parameter>
      <Parameter Name="ShipMaxDynamicRoll">
        <BaseUnit>Unitless</BaseUnit>
        <SizeInBits>64</SizeInBits>
        <DataFormat>IEEE-754-Float-Double</DataFormat>
        <Enumerations />
      </Parameter>
    </ParameterSet>
    <ParameterUnitSet />
  </Parameters>
  <Packages>
    <PackageSet>
      <IENA-Ethernet-UDP-Basic Name="Sample_Package">
        <ReferencedToAbsoluteTime>Yes</ReferencedToAbsoluteTime>
        <Properties>
          <EndWord>1001</EndWord>
          <Key>1001</Key>
          <Status>0000</Status>
          <NumberOfWords>16</NumberOfWords>
          <TimeToLive>255</TimeToLive>
        </Properties>
        <Destination>
          <IPAddress>127.0.0.1</IPAddress>
          <Port>12345</Port>
        </Destination>
        <Content>
          <Mapping>
            <ParameterReference>Sample_Parameter</ParameterReference>
            <Location>
              <Offset_Words>7</Offset_Words>
            </Location>
          </Mapping>
          <Mapping>
            <ParameterReference>Sample_Torque</ParameterReference>
            <Location>
              <Offset_Words>11</Offset_Words>
            </Location>
          </Mapping>
        </Content>
      </IENA-Ethernet-UDP-Basic>
    </PackageSet>
  </Packages>
  <Algorithms>
    <AlgorithmSet>
      <ExpressionAlgorithm Name="TORQUE-listener603function603">
        <Documentation>
          <ShortDescription>MAXN(MF2_014_DCU1_ENG1_TORQUE_PCT,MF2_015_DCU1_ENG2_TORQUE_PCT)</ShortDescription>
          <LongDescription>Limiting Torque</LongDescription>
        </Documentation>
        <Input Name="MF2_014_DCU1_ENG1_TORQUE_PCT">
          <ParameterReference>MF2_014_DCU1_ENG1_TORQUE_PCT</ParameterReference>
        </Input>
        <Input Name="MF2_015_DCU1_ENG2_TORQUE_PCT">
          <ParameterReference>MF2_015_DCU1_ENG2_TORQUE_PCT</ParameterReference>
        </Input>
        <Output Name="TORQUE">
          <ParameterReference>TORQUE</ParameterReference>
        </Output>
        <Expression>
          <MAXN>
            <Param Name="MF2_014_DCU1_ENG1_TORQUE_PCT" Type="float" />
            <Param Name="MF2_015_DCU1_ENG2_TORQUE_PCT" Type="float" />
          </MAXN>
        </Expression>
        <ResultType>double</ResultType>
      </ExpressionAlgorithm>
      <ExpressionAlgorithm Name="Average_Wind_Speed-listener604function604">
        <Documentation>
          <ShortDescription>AVG(MF2_087_SHIP_WIND_SPEED,1000)</ShortDescription>
          <LongDescription></LongDescription>
        </Documentation>
        <Input Name="MF2_087_SHIP_WIND_SPEED">
          <ParameterReference>MF2_087_SHIP_WIND_SPEED</ParameterReference>
        </Input>
        <Output Name="Average_Wind_Speed">
          <ParameterReference>Average_Wind_Speed</ParameterReference>
        </Output>
        <Expression>
          <AVG>
            <Param Name="MF2_087_SHIP_WIND_SPEED" Type="float" />
            <Constant Value="1000" Type="short" />
          </AVG>
        </Expression>
        <ResultType>double</ResultType>
      </ExpressionAlgorithm>
      <ExpressionAlgorithm Name="Average_Wind_Direction-listener605function605">
        <Documentation>
          <ShortDescription>AVG(MF2_086_SHIP_WIND_DIRECTION,1000)</ShortDescription>
          <LongDescription></LongDescription>
        </Documentation>
        <Input Name="MF2_086_SHIP_WIND_DIRECTION">
          <ParameterReference>MF2_086_SHIP_WIND_DIRECTION</ParameterReference>
        </Input>
        <Output Name="Average_Wind_Direction">
          <ParameterReference>Average_Wind_Direction</ParameterReference>
        </Output>
        <Expression>
          <AVG>
            <Param Name="MF2_086_SHIP_WIND_DIRECTION" Type="float" />
            <Constant Value="1000" Type="short" />
          </AVG>
        </Expression>
        <ResultType>double</ResultType>
      </ExpressionAlgorithm>
      <ExpressionAlgorithm Name="ShipMaxPitch-listener606function606">
        <Documentation>
          <ShortDescription>MF2_089_SHIP_PITCH_ANGLE</ShortDescription>
          <LongDescription></LongDescription>
        </Documentation>
        <Input Name="MF2_089_SHIP_PITCH_ANGLE">
          <ParameterReference>MF2_089_SHIP_PITCH_ANGLE</ParameterReference>
        </Input>
        <Output Name="ShipMaxPitch">
          <ParameterReference>ShipMaxPitch</ParameterReference>
        </Output>
        <Expression>
          <Param Name="MF2_089_SHIP_PITCH_ANGLE" Type="float" />
        </Expression>
        <ResultType>double</ResultType>
      </ExpressionAlgorithm>
      <ExpressionAlgorithm Name="ShipMaxRoll-listener607function607">
        <Documentation>
          <ShortDescription>MF2_088_SHIP_ROLL_ANGLE</ShortDescription>
          <LongDescription></LongDescription>
        </Documentation>
        <Input Name="MF2_088_SHIP_ROLL_ANGLE">
          <ParameterReference>MF2_088_SHIP_ROLL_ANGLE</ParameterReference>
        </Input>
        <Output Name="ShipMaxRoll">
          <ParameterReference>ShipMaxRoll</ParameterReference>
        </Output>
        <Expression>
          <Param Name="MF2_088_SHIP_ROLL_ANGLE" Type="float" />
        </Expression>
        <ResultType>double</ResultType>
      </ExpressionAlgorithm>
      <ExpressionAlgorithm Name="Ship_List-listener608function608">
        <Documentation>
          <ShortDescription>AVG(MF2_088_SHIP_ROLL_ANGLE, 1000)</ShortDescription>
          <LongDescription></LongDescription>
        </Documentation>
        <Input Name="MF2_088_SHIP_ROLL_ANGLE">
          <ParameterReference>MF2_088_SHIP_ROLL_ANGLE</ParameterReference>
        </Input>
        <Output Name="Ship_List">
          <ParameterReference>Ship_List</ParameterReference>
        </Output>
        <Expression>
          <AVG>
            <Param Name="MF2_088_SHIP_ROLL_ANGLE" Type="float" />
            <Constant Value="1000" Type="short" />
          </AVG>
        </Expression>
        <ResultType>double</ResultType>
      </ExpressionAlgorithm>
      <ExpressionAlgorithm Name="Ship_Set-listener609function609">
        <Documentation>
          <ShortDescription>AVG(MF2_089_SHIP_PITCH_ANGLE, 1000)</ShortDescription>
          <LongDescription></LongDescription>
        </Documentation>
        <Input Name="MF2_089_SHIP_PITCH_ANGLE">
          <ParameterReference>MF2_089_SHIP_PITCH_ANGLE</ParameterReference>
        </Input>
        <Output Name="Ship_Set">
          <ParameterReference>Ship_Set</ParameterReference>
        </Output>
        <Expression>
          <AVG>
            <Param Name="MF2_089_SHIP_PITCH_ANGLE" Type="float" />
            <Constant Value="1000" Type="short" />
          </AVG>
        </Expression>
        <ResultType>double</ResultType>
      </ExpressionAlgorithm>
      <ExpressionAlgorithm Name="Ship_Dynamic_Pitch-listener610function610">
        <Documentation>
          <ShortDescription>MF2_089_SHIP_PITCH_ANGLE-Ship_Set</ShortDescription>
          <LongDescription></LongDescription>
        </Documentation>
        <Input Name="MF2_089_SHIP_PITCH_ANGLE">
          <ParameterReference>MF2_089_SHIP_PITCH_ANGLE</ParameterReference>
        </Input>
        <Input Name="Ship_Set">
          <ParameterReference>Ship_Set</ParameterReference>
        </Input>
        <Output Name="Ship_Dynamic_Pitch">
          <ParameterReference>Ship_Dynamic_Pitch</ParameterReference>
        </Output>
        <Expression>
          <Subtract>
            <Param Name="MF2_089_SHIP_PITCH_ANGLE" Type="float" />
            <Param Name="Ship_Set" Type="double" />
          </Subtract>
        </Expression>
        <ResultType>double</ResultType>
      </ExpressionAlgorithm>
      <ExpressionAlgorithm Name="Ship_Dynamic_Roll-listener611function611">
        <Documentation>
          <ShortDescription>MF2_088_SHIP_ROLL_ANGLE-Ship_List</ShortDescription>
          <LongDescription></LongDescription>
        </Documentation>
        <Input Name="MF2_088_SHIP_ROLL_ANGLE">
          <ParameterReference>MF2_088_SHIP_ROLL_ANGLE</ParameterReference>
        </Input>
        <Input Name="Ship_List">
          <ParameterReference>Ship_List</ParameterReference>
        </Input>
        <Output Name="Ship_Dynamic_Roll">
          <ParameterReference>Ship_Dynamic_Roll</ParameterReference>
        </Output>
        <Expression>
          <Subtract>
            <Param Name="MF2_088_SHIP_ROLL_ANGLE" Type="float" />
            <Param Name="Ship_List" Type="double" />
          </Subtract>
        </Expression>
        <ResultType>double</ResultType>
      </ExpressionAlgorithm>
      <ExpressionAlgorithm Name="ShipMaxDynamicPitch-listener612function612">
        <Documentation>
          <ShortDescription>Ship_Dynamic_Pitch</ShortDescription>
          <LongDescription></LongDescription>
        </Documentation>
        <Input Name="Ship_Dynamic_Pitch">
          <ParameterReference>Ship_Dynamic_Pitch</ParameterReference>
        </Input>
        <Output Name="ShipMaxDynamicPitch">
          <ParameterReference>ShipMaxDynamicPitch</ParameterReference>
        </Output>
        <Expression>
          <Param Name="Ship_Dynamic_Pitch" Type="double" />
        </Expression>
        <ResultType>double</ResultType>
      </ExpressionAlgorithm>
      <ExpressionAlgorithm Name="ShipMaxDynamicRoll-listener613function613">
        <Documentation>
          <ShortDescription>Ship_Dynamic_Roll</ShortDescription>
          <LongDescription></LongDescription>
        </Documentation>
        <Input Name="Ship_Dynamic_Roll">
          <ParameterReference>Ship_Dynamic_Roll</ParameterReference>
        </Input>
        <Output Name="ShipMaxDynamicRoll">
          <ParameterReference>ShipMaxDynamicRoll</ParameterReference>
        </Output>
        <Expression>
          <Param Name="Ship_Dynamic_Roll" Type="double" />
        </Expression>
        <ResultType>double</ResultType>
      </ExpressionAlgorithm>
    </AlgorithmSet>
  </Algorithms>
</xidml>