﻿<HeliSHOLDSConfiguration xmlns:xsi="http://www.w3.org/2001/XMLSchema-instance" xmlns:xsd="http://www.w3.org/2001/XMLSchema">
	<References>
		<PreparedBy>Simon Machin</PreparedBy>
		<PreparedByPosition>Senior FTE</PreparedByPosition>
		<ReviewedBy>Viruben Watson</ReviewedBy>
		<ReviewedByPosition>CH-47F FTE</ReviewedByPosition>
		<ApprovedBy>Owen Higgins</ApprovedBy>
		<ApprovedByPosition>AMAFTU FTE</ApprovedByPosition>
	</References>
	<DataProcessor>
		<QueueMaximumSize>10000</QueueMaximumSize>
		<NumberOfWorkers>4</NumberOfWorkers>
	</DataProcessor>
	<SensorDataReaders>
		<IENAReader>
			<Enabled>true</Enabled>
		</IENAReader>
		<RS232Reader>
			<Enabled>false</Enabled>
			<ComPorts />
		</RS232Reader>
		<RawDataReader>
			<Enabled>false</Enabled>
		</RawDataReader>
	</SensorDataReaders>
	<SensorModel>
		<RealTimeDataWindowMs>12000</RealTimeDataWindowMs>
	</SensorModel>
	<Margins>
		<Margin Parameter="CHMU_114b_FCC_PITCH_MIXER_PCT">
			<Day>
				<Upper>
					<SteadyStateLessThanEqualToPercent>10</SteadyStateLessThanEqualToPercent>
					<TransientLessThanEqualToPercent>5</TransientLessThanEqualToPercent>
					<TransientTimeSeconds>2</TransientTimeSeconds>
				</Upper>
				<Lower>
					<SteadyStateLessThanEqualToPercent>10</SteadyStateLessThanEqualToPercent>
					<TransientLessThanEqualToPercent>5</TransientLessThanEqualToPercent>
					<TransientTimeSeconds>2</TransientTimeSeconds>
				</Lower>
			</Day>
			<Night>
				<Upper>
					<SteadyStateLessThanEqualToPercent>10</SteadyStateLessThanEqualToPercent>
					<TransientLessThanEqualToPercent>5</TransientLessThanEqualToPercent>
					<TransientTimeSeconds>2</TransientTimeSeconds>
				</Upper>
				<Lower>
					<SteadyStateLessThanEqualToPercent>10</SteadyStateLessThanEqualToPercent>
					<TransientLessThanEqualToPercent>5</TransientLessThanEqualToPercent>
					<TransientTimeSeconds>2</TransientTimeSeconds>
				</Lower>
			</Night>
		</Margin>
		<Margin Parameter="CHMU_116b_FCC_ROLL_MIXER_PCT">
			<Day>
				<Upper>
					<SteadyStateLessThanEqualToPercent>10</SteadyStateLessThanEqualToPercent>
					<TransientLessThanEqualToPercent>5</TransientLessThanEqualToPercent>
					<TransientTimeSeconds>2</TransientTimeSeconds>
				</Upper>
				<Lower>
					<SteadyStateLessThanEqualToPercent>10</SteadyStateLessThanEqualToPercent>
					<TransientLessThanEqualToPercent>5</TransientLessThanEqualToPercent>
					<TransientTimeSeconds>2</TransientTimeSeconds>
				</Lower>
			</Day>
			<Night>
				<Upper>
					<SteadyStateLessThanEqualToPercent>10</SteadyStateLessThanEqualToPercent>
					<TransientLessThanEqualToPercent>5</TransientLessThanEqualToPercent>
					<TransientTimeSeconds>2</TransientTimeSeconds>
				</Upper>
				<Lower>
					<SteadyStateLessThanEqualToPercent>10</SteadyStateLessThanEqualToPercent>
					<TransientLessThanEqualToPercent>5</TransientLessThanEqualToPercent>
					<TransientTimeSeconds>2</TransientTimeSeconds>
				</Lower>
			</Night>
		</Margin>
		<Margin Parameter="CHMU_118b_FCC_YAW_MIXER_PCT">
			<Day>
				<Upper>
					<SteadyStateLessThanEqualToPercent>10</SteadyStateLessThanEqualToPercent>
					<TransientLessThanEqualToPercent>5</TransientLessThanEqualToPercent>
					<TransientTimeSeconds>2</TransientTimeSeconds>
				</Upper>
				<Lower>
					<SteadyStateLessThanEqualToPercent>10</SteadyStateLessThanEqualToPercent>
					<TransientLessThanEqualToPercent>5</TransientLessThanEqualToPercent>
					<TransientTimeSeconds>2</TransientTimeSeconds>
				</Lower>
			</Day>
			<Night>
				<Upper>
					<SteadyStateLessThanEqualToPercent>10</SteadyStateLessThanEqualToPercent>
					<TransientLessThanEqualToPercent>5</TransientLessThanEqualToPercent>
					<TransientTimeSeconds>2</TransientTimeSeconds>
				</Upper>
				<Lower>
					<SteadyStateLessThanEqualToPercent>10</SteadyStateLessThanEqualToPercent>
					<TransientLessThanEqualToPercent>5</TransientLessThanEqualToPercent>
					<TransientTimeSeconds>2</TransientTimeSeconds>
				</Lower>
			</Night>
		</Margin>
		<Margin Parameter="CHMU_276_FCC_AVG_PITCH_CPT_PCT">
			<Day>
				<Upper>
					<SteadyStateLessThanEqualToPercent>10</SteadyStateLessThanEqualToPercent>
					<TransientLessThanEqualToPercent>5</TransientLessThanEqualToPercent>
					<TransientTimeSeconds>2</TransientTimeSeconds>
				</Upper>
				<Lower>
					<SteadyStateLessThanEqualToPercent>10</SteadyStateLessThanEqualToPercent>
					<TransientLessThanEqualToPercent>5</TransientLessThanEqualToPercent>
					<TransientTimeSeconds>2</TransientTimeSeconds>
				</Lower>
			</Day>
			<Night>
				<Upper>
					<SteadyStateLessThanEqualToPercent>10</SteadyStateLessThanEqualToPercent>
					<TransientLessThanEqualToPercent>5</TransientLessThanEqualToPercent>
					<TransientTimeSeconds>2</TransientTimeSeconds>
				</Upper>
				<Lower>
					<SteadyStateLessThanEqualToPercent>10</SteadyStateLessThanEqualToPercent>
					<TransientLessThanEqualToPercent>5</TransientLessThanEqualToPercent>
					<TransientTimeSeconds>2</TransientTimeSeconds>
				</Lower>
			</Night>
		</Margin>
		<Margin Parameter="CHMU_277_FCC_AVG_ROLL_CPT_PCT">
			<Day>
				<Upper>
					<SteadyStateLessThanEqualToPercent>10</SteadyStateLessThanEqualToPercent>
					<TransientLessThanEqualToPercent>5</TransientLessThanEqualToPercent>
					<TransientTimeSeconds>2</TransientTimeSeconds>
				</Upper>
				<Lower>
					<SteadyStateLessThanEqualToPercent>10</SteadyStateLessThanEqualToPercent>
					<TransientLessThanEqualToPercent>5</TransientLessThanEqualToPercent>
					<TransientTimeSeconds>2</TransientTimeSeconds>
				</Lower>
			</Day>
			<Night>
				<Upper>
					<SteadyStateLessThanEqualToPercent>10</SteadyStateLessThanEqualToPercent>
					<TransientLessThanEqualToPercent>5</TransientLessThanEqualToPercent>
					<TransientTimeSeconds>2</TransientTimeSeconds>
				</Upper>
				<Lower>
					<SteadyStateLessThanEqualToPercent>10</SteadyStateLessThanEqualToPercent>
					<TransientLessThanEqualToPercent>5</TransientLessThanEqualToPercent>
					<TransientTimeSeconds>2</TransientTimeSeconds>
				</Lower>
			</Night>
		</Margin>
		<Margin Parameter="Physical Cyclic Margin">
			<Day>
				<Upper>
					<SteadyStateLessThanEqualToPercent>10</SteadyStateLessThanEqualToPercent>
					<TransientLessThanEqualToPercent>5</TransientLessThanEqualToPercent>
					<TransientTimeSeconds>2</TransientTimeSeconds>
				</Upper>
				<Lower>
					<SteadyStateLessThanEqualToPercent>10</SteadyStateLessThanEqualToPercent>
					<TransientLessThanEqualToPercent>5</TransientLessThanEqualToPercent>
					<TransientTimeSeconds>2</TransientTimeSeconds>
				</Lower>
			</Day>
			<Night xsi:nil="true" />
		</Margin>
		<Margin Parameter="Corrected Cyclic Margin">
			<Day>
				<Upper>
					<SteadyStateLessThanEqualToPercent>10</SteadyStateLessThanEqualToPercent>
					<TransientLessThanEqualToPercent>5</TransientLessThanEqualToPercent>
					<TransientTimeSeconds>2</TransientTimeSeconds>
				</Upper>
				<Lower>
					<SteadyStateLessThanEqualToPercent>10</SteadyStateLessThanEqualToPercent>
					<TransientLessThanEqualToPercent>5</TransientLessThanEqualToPercent>
					<TransientTimeSeconds>2</TransientTimeSeconds>
				</Lower>
			</Day>
			<Night xsi:nil="true" />
		</Margin>
	</Margins>
	<GUI>
		<RealTimeViewRefreshMs>100</RealTimeViewRefreshMs>
		<WarningDisplayTimeMs>5000</WarningDisplayTimeMs>
		<RealTimePlots>
			<Plot Parameter="MF2_086_SHIP_WIND_DIRECTION">
				<DisplayType>DoubleEnded</DisplayType>
				<DisplayFormat>#.#</DisplayFormat>
				<DisplayRange>
					<Max>180</Max>
					<Min>-180</Min>
				</DisplayRange>
				<ParameterName>MF2_086_SHIP_WIND_DIRECTION</ParameterName>
			</Plot>
			<Plot Parameter="MF2_087_SHIP_WIND_SPEED">
				<DisplayType>SingleEnded</DisplayType>
				<DisplayFormat>#.#</DisplayFormat>
				<DisplayRange>
					<Max>100</Max>
					<Min>0</Min>
				</DisplayRange>
				<ParameterName>MF2_087_SHIP_WIND_SPEED</ParameterName>
			</Plot>
			<Plot Parameter="MF2_088_SHIP_ROLL_ANGLE">
				<DisplayType>DoubleEnded</DisplayType>
				<DisplayFormat>#.#</DisplayFormat>
				<DisplayRange>
					<Max>15</Max>
					<Min>-15</Min>
				</DisplayRange>
				<ParameterName>MF2_088_SHIP_ROLL_ANGLE</ParameterName>
			</Plot>
			<Plot Parameter="MF2_089_SHIP_PITCH_ANGLE">
				<DisplayType>DoubleEnded</DisplayType>
				<DisplayFormat>#.#</DisplayFormat>
				<DisplayRange>
					<Max>10</Max>
					<Min>-10</Min>
				</DisplayRange>
				<ParameterName>MF2_089_SHIP_PITCH_ANGLE</ParameterName>
			</Plot>
			<Plot Parameter="CHMU_114b_FCC_PITCH_MIXER_PCT">
				<DisplayType>DoubleEnded</DisplayType>
				<DisplayFormat>#.#</DisplayFormat>
				<DisplayRange>
					<Max>100</Max>
					<Min>0</Min>
				</DisplayRange>
				<ParameterName>CHMU_114b_FCC_PITCH_MIXER_PCT</ParameterName>
			</Plot>
			<Plot Parameter="CHMU_116b_FCC_ROLL_MIXER_PCT">
				<DisplayType>DoubleEnded</DisplayType>
				<DisplayFormat>#.#</DisplayFormat>
				<DisplayRange>
					<Max>100</Max>
					<Min>0</Min>
				</DisplayRange>
				<ParameterName>CHMU_116b_FCC_ROLL_MIXER_PCT</ParameterName>
			</Plot>
			<Plot Parameter="CHMU_118b_FCC_YAW_MIXER_PCT">
				<DisplayType>DoubleEnded</DisplayType>
				<DisplayFormat>#.#</DisplayFormat>
				<DisplayRange>
					<Max>100</Max>
					<Min>0</Min>
				</DisplayRange>
				<ParameterName>CHMU_118b_FCC_YAW_MIXER_PCT</ParameterName>
			</Plot>
			<Plot Parameter="MF2_022_CAAS_RADALT_FT">
				<DisplayType>SingleEnded</DisplayType>
				<DisplayFormat>#.#</DisplayFormat>
				<DisplayRange>
					<Max>500</Max>
					<Min>0</Min>
				</DisplayRange>
				<ParameterName>MF2_022_CAAS_RADALT_FT</ParameterName>
			</Plot>
			<Plot Parameter="TORQUE">
				<DisplayType>Torque</DisplayType>
				<DisplayFormat>#.#</DisplayFormat>
				<DisplayRange>
					<Max>123</Max>
					<Min>0</Min>
				</DisplayRange>
				<ParameterName>TORQUE</ParameterName>
			</Plot>
			<Plot Parameter="ShipMaxPitch">
				<DisplayType>DoubleEnded</DisplayType>
				<DisplayFormat>#.#</DisplayFormat>
				<DisplayRange>
					<Max>10</Max>
					<Min>-10</Min>
				</DisplayRange>
				<ParameterName>ShipMaxPitch</ParameterName>
			</Plot>
			<Plot Parameter="ShipMaxRoll">
				<DisplayType>DoubleEnded</DisplayType>
				<DisplayFormat>#.#</DisplayFormat>
				<DisplayRange>
					<Max>15</Max>
					<Min>-15</Min>
				</DisplayRange>
				<ParameterName>ShipMaxRoll</ParameterName>
			</Plot>
			<Plot Parameter="Ship_Dynamic_Pitch">
				<DisplayType>DoubleEnded</DisplayType>
				<DisplayFormat>#.#</DisplayFormat>
				<DisplayRange>
					<Max>10</Max>
					<Min>-10</Min>
				</DisplayRange>
				<ParameterName>Ship_Dynamic_Pitch</ParameterName>
			</Plot>
			<Plot Parameter="Ship_Dynamic_Roll">
				<DisplayType>DoubleEnded</DisplayType>
				<DisplayFormat>#.#</DisplayFormat>
				<DisplayRange>
					<Max>15</Max>
					<Min>-15</Min>
				</DisplayRange>
				<ParameterName>Ship_Dynamic_Roll</ParameterName>
			</Plot>
			<Plot Parameter="Ship_List">
				<DisplayType>DoubleEnded</DisplayType>
				<DisplayFormat>#.#</DisplayFormat>
				<DisplayRange>
					<Max>10</Max>
					<Min>-10</Min>
				</DisplayRange>
				<ParameterName>Ship_List</ParameterName>
			</Plot>
			<Plot Parameter="Ship_Set">
				<DisplayType>DoubleEnded</DisplayType>
				<DisplayFormat>#.#</DisplayFormat>
				<DisplayRange>
					<Max>20</Max>
					<Min>-20</Min>
				</DisplayRange>
				<ParameterName>Ship_Set</ParameterName>
			</Plot>
			<Plot Parameter="ShipMaxDynamicPitch">
				<DisplayType>DoubleEnded</DisplayType>
				<DisplayFormat>#.#</DisplayFormat>
				<DisplayRange>
					<Max>10</Max>
					<Min>-10</Min>
				</DisplayRange>
				<ParameterName>ShipMaxDynamicPitch</ParameterName>
			</Plot>
			<Plot Parameter="ShipMaxDynamicRoll">
				<DisplayType>DoubleEnded</DisplayType>
				<DisplayFormat>#.#</DisplayFormat>
				<DisplayRange>
					<Max>15</Max>
					<Min>-15</Min>
				</DisplayRange>
				<ParameterName>ShipMaxDynamicRoll</ParameterName>
			</Plot>
			<Plot Parameter="MF2_032_EGI1_MAG_HEADING">
				<DisplayType>SingleEnded</DisplayType>
				<DisplayFormat>#.#</DisplayFormat>
				<DisplayRange>
					<Max>359</Max>
					<Min>0</Min>
				</DisplayRange>
				<ParameterName>MF2_032_EGI1_MAG_HEADING</ParameterName>
			</Plot>
			<Plot Parameter="MF2_044_EGI1_LONGIT_VEL_MS">
				<DisplayType>SingleEnded</DisplayType>
				<DisplayFormat>#.#</DisplayFormat>
				<DisplayRange>
					<Max>40</Max>
					<Min>0</Min>
				</DisplayRange>
				<ParameterName>MF2_044_EGI1_LONGIT_VEL_MS</ParameterName>
			</Plot>
			<Plot Parameter="CHMU_276_FCC_AVG_PITCH_CPT_PCT">
				<DisplayType>DoubleEnded</DisplayType>
				<DisplayFormat>#.#</DisplayFormat>
				<DisplayRange>
					<Max>100</Max>
					<Min>0</Min>
				</DisplayRange>
				<ParameterName>CHMU_276_FCC_AVG_PITCH_CPT_PCT</ParameterName>
			</Plot>
			<Plot Parameter="CHMU_277_FCC_AVG_ROLL_CPT_PCT">
				<DisplayType>DoubleEnded</DisplayType>
				<DisplayFormat>#.#</DisplayFormat>
				<DisplayRange>
					<Max>100</Max>
					<Min>0</Min>
				</DisplayRange>
				<ParameterName>CHMU_277_FCC_AVG_ROLL_CPT_PCT</ParameterName>
			</Plot>
			<Plot Parameter="Physical Cyclic Margin">
				<DisplayType>SingleEnded</DisplayType>
				<DisplayFormat>#.#</DisplayFormat>
				<DisplayRange>
					<Max>100</Max>
					<Min>0</Min>
				</DisplayRange>
				<ParameterName>Physical Cyclic Margin</ParameterName>
			</Plot>
			<Plot Parameter="Corrected Cyclic Margin">
				<DisplayType>SingleEnded</DisplayType>
				<DisplayFormat>#.#</DisplayFormat>
				<DisplayRange>
					<Max>100</Max>
					<Min>0</Min>
				</DisplayRange>
				<ParameterName>Corrected Cyclic Margin</ParameterName>
			</Plot>
			<Plot Parameter="MF2_014_DCU1_ENG1_TORQUE_PCT">
				<DisplayType>SingleEnded</DisplayType>
				<DisplayFormat>#.#</DisplayFormat>
				<DisplayRange>
					<Max>100</Max>
					<Min>0</Min>
				</DisplayRange>
				<ParameterName>MF2_014_DCU1_ENG1_TORQUE_PCT</ParameterName>
			</Plot>
			<Plot Parameter="MF2_015_DCU1_ENG2_TORQUE_PCT">
				<DisplayType>SingleEnded</DisplayType>
				<DisplayFormat>#.#</DisplayFormat>
				<DisplayRange>
					<Max>100</Max>
					<Min>0</Min>
				</DisplayRange>
				<ParameterName>MF2_015_DCU1_ENG2_TORQUE_PCT</ParameterName>
			</Plot>
			<Plot Parameter="MF2_028_EGI1_PITCH_ATTITUDE">
				<DisplayType>DoubleEnded</DisplayType>
				<DisplayFormat>#.#</DisplayFormat>
				<DisplayRange>
					<Max>25</Max>
					<Min>-25</Min>
				</DisplayRange>
				<ParameterName>MF2_028_EGI1_PITCH_ATTITUDE</ParameterName>
			</Plot>
			<Plot Parameter="MF2_030_EGI1_ROLL_ATTITUDE">
				<DisplayType>DoubleEnded</DisplayType>
				<DisplayFormat>#.#</DisplayFormat>
				<DisplayRange>
					<Max>30</Max>
					<Min>-30</Min>
				</DisplayRange>
				<ParameterName>MF2_030_EGI1_ROLL_ATTITUDE</ParameterName>
			</Plot>
			<Plot Parameter="CHMU_278_FCC_AVG_YAW_CPT_PCT">
				<DisplayType>DoubleEnded</DisplayType>
				<DisplayFormat>#.#</DisplayFormat>
				<DisplayRange>
					<Max>100</Max>
					<Min>0</Min>
				</DisplayRange>
				<ParameterName>CHMU_278_FCC_AVG_YAW_CPT_PCT</ParameterName>
			</Plot>
			<Plot Parameter="CHMU_279_FCC_COLLECTIVE_CPT_PCT">
				<DisplayType>SingleEnded</DisplayType>
				<DisplayFormat>#.#</DisplayFormat>
				<DisplayRange>
					<Max>100</Max>
					<Min>0</Min>
				</DisplayRange>
				<ParameterName>CHMU_279_FCC_COLLECTIVE_CPT_PCT</ParameterName>
			</Plot>
		</RealTimePlots>
		<PitchVsRollHistoryTimeWindowMs>5000</PitchVsRollHistoryTimeWindowMs>
		<RWHistoryTimeWindowMs>10000</RWHistoryTimeWindowMs>
		<RWHistoryAveragingWindowMs>10000</RWHistoryAveragingWindowMs>
		<ShipMotionDisplaySpritesPathDay>Images\Ship Motion Sprites - Day.png</ShipMotionDisplaySpritesPathDay>
		<ShipMotionDisplaySpritesPathNight>Images\Ship Motion Sprites - Night.png</ShipMotionDisplaySpritesPathNight>
		<RelativeWindPlotConfiguration>
			<DragToZoomEnabled>true</DragToZoomEnabled>
			<GridLayout>Winged60KnotCircle</GridLayout>
		</RelativeWindPlotConfiguration>
	</GUI>
	<RadioTelephony>
		<Order>
			<OrderType>FlyingCourse</OrderType>
			<OrderType>ShipSpeed</OrderType>
			<OrderType>RelativeWindDirection</OrderType>
			<OrderType>RelativeWindSpeed</OrderType>
			<OrderType>Pitch</OrderType>
			<OrderType>Roll</OrderType>
			<OrderType>List</OrderType>
		</Order>
	</RadioTelephony>
	<Chat>
		<ServerAddress>127.0.0.1</ServerAddress>
		<ServerPort>10101</ServerPort>
		<Role>HeliSHOLDS</Role>
		<ConnectionTimeoutMs>5000</ConnectionTimeoutMs>
		<PingIntervalMs>1000</PingIntervalMs>
		<HandshakeIntervalMs>1000</HandshakeIntervalMs>
		<MaximumHandshakeAttempts>5</MaximumHandshakeAttempts>
		<MessageAckTimeoutMs>5000</MessageAckTimeoutMs>
		<TrialSummaryFileStatusSendIntervalMs>10000</TrialSummaryFileStatusSendIntervalMs>
		<MaximumTransmissionUnit>0</MaximumTransmissionUnit>
		<EvolutionFilterSendIntervalMs>5000</EvolutionFilterSendIntervalMs>
	</Chat>
	<Audio>
		<AudioDevice>
			<OpenCommand>open new type waveaudio alias recsound</OpenCommand>
			<SetFormatCommand>set recsound time format ms</SetFormatCommand>
			<RecordCommand>record recsound</RecordCommand>
			<SaveCommand>save recsound "%f"</SaveCommand>
			<CloseCommand>close recsound</CloseCommand>
		</AudioDevice>
	</Audio>
	<CacheConfiguration>
		<MaximumMessagesToCache>2000000</MaximumMessagesToCache>
	</CacheConfiguration>
	<ShipPitchMotionConfiguration>
		<TimeWindowSeconds>60</TimeWindowSeconds>
		<AverageWindowSeconds>60</AverageWindowSeconds>
		<AverageRoundingFactor>0.1</AverageRoundingFactor>
	</ShipPitchMotionConfiguration>
	<ShipRollMotionConfiguration>
		<TimeWindowSeconds>60</TimeWindowSeconds>
		<AverageWindowSeconds>60</AverageWindowSeconds>
		<AverageRoundingFactor>0.1</AverageRoundingFactor>
	</ShipRollMotionConfiguration>
	<StandardParameterMap>
		<StandardParameterMapEntry>
			<StandardParameter>ShipTrueWindDir</StandardParameter>
			<ConfiguredParameter>MF2_086_SHIP_WIND_DIRECTION</ConfiguredParameter>
		</StandardParameterMapEntry>
		<StandardParameterMapEntry>
			<StandardParameter>ShipTrueWindSpeed</StandardParameter>
			<ConfiguredParameter>MF2_087_SHIP_WIND_SPEED</ConfiguredParameter>
		</StandardParameterMapEntry>
		<StandardParameterMapEntry>
			<StandardParameter>ShipRoll</StandardParameter>
			<ConfiguredParameter>MF2_088_SHIP_ROLL_ANGLE</ConfiguredParameter>
		</StandardParameterMapEntry>
		<StandardParameterMapEntry>
			<StandardParameter>ShipPitch</StandardParameter>
			<ConfiguredParameter>MF2_089_SHIP_PITCH_ANGLE</ConfiguredParameter>
		</StandardParameterMapEntry>
		<StandardParameterMapEntry>
			<StandardParameter>Longitudinal</StandardParameter>
			<ConfiguredParameter>CHMU_114b_FCC_PITCH_MIXER_PCT</ConfiguredParameter>
		</StandardParameterMapEntry>
		<StandardParameterMapEntry>
			<StandardParameter>Lateral</StandardParameter>
			<ConfiguredParameter>CHMU_116b_FCC_ROLL_MIXER_PCT</ConfiguredParameter>
		</StandardParameterMapEntry>
		<StandardParameterMapEntry>
			<StandardParameter>Pedals</StandardParameter>
			<ConfiguredParameter>CHMU_118b_FCC_YAW_MIXER_PCT</ConfiguredParameter>
		</StandardParameterMapEntry>
		<StandardParameterMapEntry>
			<StandardParameter>Radalt</StandardParameter>
			<ConfiguredParameter>MF2_022_CAAS_RADALT_FT</ConfiguredParameter>
		</StandardParameterMapEntry>
		<StandardParameterMapEntry>
			<StandardParameter>Torque</StandardParameter>
			<ConfiguredParameter>TORQUE</ConfiguredParameter>
		</StandardParameterMapEntry>
		<StandardParameterMapEntry>
			<StandardParameter>ShipMaxPitch</StandardParameter>
			<ConfiguredParameter>ShipMaxPitch</ConfiguredParameter>
		</StandardParameterMapEntry>
		<StandardParameterMapEntry>
			<StandardParameter>ShipMaxRoll</StandardParameter>
			<ConfiguredParameter>ShipMaxRoll</ConfiguredParameter>
		</StandardParameterMapEntry>
		<StandardParameterMapEntry>
			<StandardParameter>ShipDynamicPitch</StandardParameter>
			<ConfiguredParameter>Ship_Dynamic_Pitch</ConfiguredParameter>
		</StandardParameterMapEntry>
		<StandardParameterMapEntry>
			<StandardParameter>ShipDynamicRoll</StandardParameter>
			<ConfiguredParameter>Ship_Dynamic_Roll</ConfiguredParameter>
		</StandardParameterMapEntry>
		<StandardParameterMapEntry>
			<StandardParameter>ShipList</StandardParameter>
			<ConfiguredParameter>Ship_List</ConfiguredParameter>
		</StandardParameterMapEntry>
		<StandardParameterMapEntry>
			<StandardParameter>ShipSet</StandardParameter>
			<ConfiguredParameter>Ship_Set</ConfiguredParameter>
		</StandardParameterMapEntry>
		<StandardParameterMapEntry>
			<StandardParameter>ShipMaxDynamicPitch</StandardParameter>
			<ConfiguredParameter>ShipMaxDynamicPitch</ConfiguredParameter>
		</StandardParameterMapEntry>
		<StandardParameterMapEntry>
			<StandardParameter>ShipMaxDynamicRoll</StandardParameter>
			<ConfiguredParameter>ShipMaxDynamicRoll</ConfiguredParameter>
		</StandardParameterMapEntry>
		<StandardParameterMapEntry>
			<StandardParameter>ShipCourse</StandardParameter>
			<ConfiguredParameter>MF2_032_EGI1_MAG_HEADING</ConfiguredParameter>
		</StandardParameterMapEntry>
		<StandardParameterMapEntry>
			<StandardParameter>ShipSpeed</StandardParameter>
			<ConfiguredParameter>MF2_044_EGI1_LONGIT_VEL_MS</ConfiguredParameter>
		</StandardParameterMapEntry>
		<StandardParameterMapEntry>
			<StandardParameter>RWSpeedShipReference</StandardParameter>
			<ConfiguredParameter>MF2_087_SHIP_WIND_SPEED</ConfiguredParameter>
		</StandardParameterMapEntry>
		<StandardParameterMapEntry>
			<StandardParameter>RWDirectionShipReference</StandardParameter>
			<ConfiguredParameter>MF2_086_SHIP_WIND_DIRECTION</ConfiguredParameter>
		</StandardParameterMapEntry>
		<StandardParameterMapEntry>
			<StandardParameter>RWAvgSpeedShipReference</StandardParameter>
			<ConfiguredParameter>Average_Wind_Speed</ConfiguredParameter>
		</StandardParameterMapEntry>
		<StandardParameterMapEntry>
			<StandardParameter>RWAvgDirectionShipReference</StandardParameter>
			<ConfiguredParameter>Average_Wind_Speed</ConfiguredParameter>
		</StandardParameterMapEntry>
		<StandardParameterMapEntry>
			<StandardParameter>RWSpeedShipResolved</StandardParameter>
			<ConfiguredParameter>MF2_087_SHIP_WIND_SPEED</ConfiguredParameter>
		</StandardParameterMapEntry>
		<StandardParameterMapEntry>
			<StandardParameter>RWDirectionShipResolved</StandardParameter>
			<ConfiguredParameter>MF2_086_SHIP_WIND_DIRECTION</ConfiguredParameter>
		</StandardParameterMapEntry>
		<StandardParameterMapEntry>
			<StandardParameter>RWAvgSpeedShipResolved</StandardParameter>
			<ConfiguredParameter>Average_Wind_Speed</ConfiguredParameter>
		</StandardParameterMapEntry>
		<StandardParameterMapEntry>
			<StandardParameter>RWAvgDirectionShipResolved</StandardParameter>
			<ConfiguredParameter>Average_Wind_Speed</ConfiguredParameter>
		</StandardParameterMapEntry>
		<StandardParameterMapEntry>
			<StandardParameter>LongPreMix</StandardParameter>
			<ConfiguredParameter>CHMU_276_FCC_AVG_PITCH_CPT_PCT</ConfiguredParameter>
		</StandardParameterMapEntry>
		<StandardParameterMapEntry>
			<StandardParameter>LateralPreMix</StandardParameter>
			<ConfiguredParameter>CHMU_277_FCC_AVG_ROLL_CPT_PCT</ConfiguredParameter>
		</StandardParameterMapEntry>
	</StandardParameterMap>
	<PersistenceDataStorePath>Persistence</PersistenceDataStorePath>
	<OutputDataFolderPath>Output</OutputDataFolderPath>
	<AircraftConfigurationPath>Aircraft.xml</AircraftConfigurationPath>
	<AircraftPropertiesModule>AircraftProperties</AircraftPropertiesModule>
	<AVRecordingsPath>Video</AVRecordingsPath>
	<XidMlPaths>
		<Path>CH47F_HeliSHOLDS_Instrumentation.xml</Path>
		<Path>Packages.xml</Path>
	</XidMlPaths>
	<FormattingOptions>
		<ShortTimePattern>HH:mm</ShortTimePattern>
		<LongTimePattern>HH:mm:ss</LongTimePattern>
		<StatusDateTimePattern>dd MMM yy K HH:mm:ss</StatusDateTimePattern>
	</FormattingOptions>
	<TargetWeightOverSigmaVariationPercentThreshold>2</TargetWeightOverSigmaVariationPercentThreshold>
	<LiveDebuggingEnabled>false</LiveDebuggingEnabled>
	<RawSensorDataRecordingEnabled>false</RawSensorDataRecordingEnabled>
	<AHRS>
		<Enabled>false</Enabled>
		<UpdateFrequencyHertz>20</UpdateFrequencyHertz>
		<BaudRate>115200</BaudRate>
	</AHRS>
	<Anemometers />
	<SGSI>
		<Enabled>false</Enabled>
		<BeamAngleComponents />
		<CentrelineBearingFromShipCentreLine>R165</CentrelineBearingFromShipCentreLine>
		<BeamWidthDegrees>20</BeamWidthDegrees>
		<BeamRangeInNauticalMiles>4</BeamRangeInNauticalMiles>
		<ShipGPSLocationToSpotDistanceInFeet>0</ShipGPSLocationToSpotDistanceInFeet>
		<HeightAboveWaterlineInFeet>30</HeightAboveWaterlineInFeet>
		<AircraftSideViewDay>Images\Blackhawk\Side Day.png</AircraftSideViewDay>
		<AircraftSideViewNight>Images\Blackhawk\Side Night.png</AircraftSideViewNight>
		<ShipSideViewDay>Images\FFG\Side Day.png</ShipSideViewDay>
		<ShipSideViewNight>Images\FFG\Side Night.png</ShipSideViewNight>
		<AircraftTopViewDay>Images\Blackhawk\Top Day.png</AircraftTopViewDay>
		<AircraftTopViewNight>Images\Blackhawk\Top Night.png</AircraftTopViewNight>
		<ShipTopViewDay>Images\FFG\Top Day.png</ShipTopViewDay>
		<ShipTopViewNight>Images\FFG\Top Night.png</ShipTopViewNight>
		<SideViewScaleRatio>12</SideViewScaleRatio>
		<AircraftImageScale>0.25</AircraftImageScale>
		<TopDownAircraftImageScale>0.75</TopDownAircraftImageScale>
		<ShipImageDisplayOffset>
			<X>80.18</X>
			<Y>36.82</Y>
		</ShipImageDisplayOffset>
		<AircraftImageDisplayOffset>
			<X>21.5</X>
			<Y>36.5</Y>
		</AircraftImageDisplayOffset>
		<TopDownShipImageSGSIPercentOffset>
			<X>34.4</X>
			<Y>0</Y>
		</TopDownShipImageSGSIPercentOffset>
		<SGSITopDownBeamColour>Red</SGSITopDownBeamColour>
		<TopDownAircraftLeftFacing>true</TopDownAircraftLeftFacing>
		<TopDownAircraftLandingSpotPercentOffset>
			<X>8.9</X>
			<Y>0</Y>
		</TopDownAircraftLandingSpotPercentOffset>
	</SGSI>
	<TestPointSetUpOptions>
		<Approaches>
			<Option>Port</Option>
			<Option>Stern</Option>
			<Option>Into Wind</Option>
			<Option>STBD</Option>
		</Approaches>
		<PilotTechniques>
			<Option>Normal</Option>
			<Option>Low Power</Option>
			<Option>OEI</Option>
			<Option>Running</Option>
			<Option>ELVA</Option>
			<Option>SSRA</Option>
			<Option>VERTREP</Option>
		</PilotTechniques>
		<Modes>
			<Option>Test</Option>
			<Option>Trash</Option>
			<Option>Other</Option>
		</Modes>
		<TestModes>
			<Option>Test</Option>
		</TestModes>
		<Alignments>
			<Option>FWD</Option>
			<Option>AFT</Option>
			<Option>45</Option>
			<Option>Into Wind</Option>
		</Alignments>
		<Spots>
			<Option>1</Option>
			<Option>2</Option>
			<Option>3</Option>
			<Option>4</Option>
			<Option>5</Option>
			<Option>6</Option>
			<Option>7</Option>
			<Option>8</Option>
			<Option>CDF</Option>
			<Option>CDA</Option>
			<Option>A</Option>
			<Option>B</Option>
			<Option>C</Option>
			<Option>D</Option>
		</Spots>
		<DeckTypes>
			<Option>Clear</Option>
			<Option>Other</Option>
		</DeckTypes>
		<PRSMinimum>1</PRSMinimum>
		<PRSMaximum>5</PRSMaximum>
		<PRSExcludeAboveOrEqualTo>4</PRSExcludeAboveOrEqualTo>
	</TestPointSetUpOptions>
</HeliSHOLDSConfiguration>