﻿<AircraftConfiguration xmlns:xsi="http://www.w3.org/2001/XMLSchema-instance" xmlns:xsd="http://www.w3.org/2001/XMLSchema" Version="1.0">
	<References>
		<ReferredWeights>
			<Reference Key="33000+10" />
			<Reference Key="33000+15" />
			<Reference Key="40000+10" />
			<Reference Key="40000+15" />
			<Reference Key="45000+10" />
			<Reference Key="45000+15" />
			<Reference Key="45000+20" />
			<Reference Key="47000+10" />
			<Reference Key="47000+15" />
			<Reference Key="47000+20" />
			<Reference Key="48500+10" />
			<Reference Key="48500+15" />
			<Reference Key="48500+20" />
			<Reference Key="49000+10" />
			<Reference Key="49000+15" />
			<Reference Key="49000+20" />
			<Reference Key="50000+10" />
			<Reference Key="50000+15" />
			<Reference Key="50000+20" />
		</ReferredWeights>
		<Seats>
			<Reference Key="Left Pilot" />
			<Reference Key="Right Pilot" />
			<Reference Key="Jump" />
			<Reference Key="Crew 1" />
			<Reference Key="Crew 2" />
			<Reference Key="FTE" />
		</Seats>
		<FuelTanks>
			<Reference Key="Port Main" />
			<Reference Key="Port FWD Aux" />
			<Reference Key="STBD FWD Aux" />
			<Reference Key="STBD Main" />
			<Reference Key="Port AFT Aux" />
			<Reference Key="STBD AFT Aux" />
		</FuelTanks>
	</References>
	<DisplayUnit>Pounds</DisplayUnit>
	<Seats>
		<Seat Id="Left Pilot">
			<Name>Left Pilot</Name>
			<PilotSeat>true</PilotSeat>
			<BallastOnly>false</BallastOnly>
			<DefaultPilotSeat>false</DefaultPilotSeat>
			<UIPosition>
				<X>5</X>
				<Y>20</Y>
			</UIPosition>
			<MomentArmPoint>
				<Longitudinal>74.9</Longitudinal>
				<Lateral>0</Lateral>
			</MomentArmPoint>
		</Seat>
		<Seat Id="Right Pilot">
			<Name>Right Pilot</Name>
			<PilotSeat>true</PilotSeat>
			<BallastOnly>false</BallastOnly>
			<DefaultPilotSeat>true</DefaultPilotSeat>
			<UIPosition>
				<X>120</X>
				<Y>20</Y>
			</UIPosition>
			<MomentArmPoint>
				<Longitudinal>74.9</Longitudinal>
				<Lateral>0</Lateral>
			</MomentArmPoint>
		</Seat>
		<Seat Id="Jump">
			<Name>Jump</Name>
			<PilotSeat>false</PilotSeat>
			<BallastOnly>false</BallastOnly>
			<DefaultPilotSeat>false</DefaultPilotSeat>
			<UIPosition>
				<X>60</X>
				<Y>80</Y>
			</UIPosition>
			<MomentArmPoint>
				<Longitudinal>105</Longitudinal>
				<Lateral>0</Lateral>
			</MomentArmPoint>
		</Seat>
		<Seat Id="Crew 1">
			<Name>Crew 1</Name>
			<PilotSeat>false</PilotSeat>
			<BallastOnly>false</BallastOnly>
			<DefaultPilotSeat>false</DefaultPilotSeat>
			<UIPosition>
				<X>5</X>
				<Y>150</Y>
			</UIPosition>
			<MomentArmPoint>
				<Longitudinal>135</Longitudinal>
				<Lateral>0</Lateral>
			</MomentArmPoint>
		</Seat>
		<Seat Id="Crew 2">
			<Name>Crew 2</Name>
			<PilotSeat>false</PilotSeat>
			<BallastOnly>false</BallastOnly>
			<DefaultPilotSeat>false</DefaultPilotSeat>
			<UIPosition>
				<X>65</X>
				<Y>220</Y>
			</UIPosition>
			<MomentArmPoint>
				<Longitudinal>471</Longitudinal>
				<Lateral>0</Lateral>
			</MomentArmPoint>
		</Seat>
		<Seat Id="FTE">
			<Name>FTE</Name>
			<PilotSeat>false</PilotSeat>
			<BallastOnly>false</BallastOnly>
			<DefaultPilotSeat>false</DefaultPilotSeat>
			<UIPosition>
				<X>120</X>
				<Y>150</Y>
			</UIPosition>
			<MomentArmPoint>
				<Longitudinal>211</Longitudinal>
				<Lateral>0</Lateral>
			</MomentArmPoint>
		</Seat>
	</Seats>
	<FuelTanks>
		<FuelTank Id="Port Main" Units="Pounds">
			<Parameter>MF2_004_DCU1_FUEL_LEFTMAIN_LBS</Parameter>
			<HoldsTotalFuel>true</HoldsTotalFuel>
			<EntryType>Instrumented</EntryType>
			<BurnRatePerHour xsi:nil="true" />
			<UIPosition>
				<X>0</X>
				<Y>0</Y>
			</UIPosition>
			<MomentArmChoice>
				<Fixed>
					<Longitudinal>317</Longitudinal>
					<Lateral>0</Lateral>
				</Fixed>
			</MomentArmChoice>
		</FuelTank>
		<FuelTank Id="Port FWD Aux" Units="Pounds">
			<Parameter>MF2_003_DCU1_FUEL_LEFTFWD_LBS</Parameter>
			<HoldsTotalFuel>false</HoldsTotalFuel>
			<EntryType>Instrumented</EntryType>
			<BurnRatePerHour xsi:nil="true" />
			<UIPosition>
				<X>140</X>
				<Y>0</Y>
			</UIPosition>
			<MomentArmChoice>
				<Fixed>
					<Longitudinal>214</Longitudinal>
					<Lateral>0</Lateral>
				</Fixed>
			</MomentArmChoice>
		</FuelTank>
		<FuelTank Id="STBD FWD Aux" Units="Pounds">
			<Parameter>MF2_006_DCU1_FUEL_RIGHTFWD_LBS</Parameter>
			<HoldsTotalFuel>false</HoldsTotalFuel>
			<EntryType>Instrumented</EntryType>
			<BurnRatePerHour xsi:nil="true" />
			<UIPosition>
				<X>280</X>
				<Y>0</Y>
			</UIPosition>
			<MomentArmChoice>
				<Fixed>
					<Longitudinal>214</Longitudinal>
					<Lateral>0</Lateral>
				</Fixed>
			</MomentArmChoice>
		</FuelTank>
		<FuelTank Id="STBD Main" Units="Pounds">
			<Parameter>MF2_007_DCU1_FUEL_RIGHTMAIN_LBS</Parameter>
			<HoldsTotalFuel>false</HoldsTotalFuel>
			<EntryType>Instrumented</EntryType>
			<BurnRatePerHour xsi:nil="true" />
			<UIPosition>
				<X>0</X>
				<Y>50</Y>
			</UIPosition>
			<MomentArmChoice>
				<Fixed>
					<Longitudinal>317</Longitudinal>
					<Lateral>0</Lateral>
				</Fixed>
			</MomentArmChoice>
		</FuelTank>
		<FuelTank Id="Port AFT Aux" Units="Pounds">
			<Parameter>MF2_005_DCU1_FUEL_LEFTAFT_LBS</Parameter>
			<HoldsTotalFuel>false</HoldsTotalFuel>
			<EntryType>Instrumented</EntryType>
			<BurnRatePerHour xsi:nil="true" />
			<UIPosition>
				<X>280</X>
				<Y>50</Y>
			</UIPosition>
			<MomentArmChoice>
				<Fixed>
					<Longitudinal>414</Longitudinal>
					<Lateral>0</Lateral>
				</Fixed>
			</MomentArmChoice>
		</FuelTank>
		<FuelTank Id="STBD AFT Aux" Units="Pounds">
			<Parameter>MF2_008_DCU1_FUEL_RIGHTAFT_LBS</Parameter>
			<HoldsTotalFuel>false</HoldsTotalFuel>
			<EntryType>Instrumented</EntryType>
			<BurnRatePerHour xsi:nil="true" />
			<UIPosition>
				<X>140</X>
				<Y>50</Y>
			</UIPosition>
			<MomentArmChoice>
				<Fixed>
					<Longitudinal>414</Longitudinal>
					<Lateral>0</Lateral>
				</Fixed>
			</MomentArmChoice>
		</FuelTank>
	</FuelTanks>
	<CenterOfGravityLimits>
		<Longitudinal>
			<CenterOfGravityLimit>
				<Weight Units="Pounds">25000</Weight>
				<LowerLimit>309.7</LowerLimit>
				<UpperLimit>349</UpperLimit>
			</CenterOfGravityLimit>
			<CenterOfGravityLimit>
				<Weight Units="Pounds">28950</Weight>
				<LowerLimit>309.7</LowerLimit>
				<UpperLimit>349</UpperLimit>
			</CenterOfGravityLimit>
			<CenterOfGravityLimit>
				<Weight Units="Pounds">33000</Weight>
				<LowerLimit>309.7</LowerLimit>
				<UpperLimit>343</UpperLimit>
			</CenterOfGravityLimit>
			<CenterOfGravityLimit>
				<Weight Units="Pounds">44800</Weight>
				<LowerLimit>319</LowerLimit>
				<UpperLimit>336</UpperLimit>
			</CenterOfGravityLimit>
			<CenterOfGravityLimit>
				<Weight Units="Pounds">50000</Weight>
				<LowerLimit>322</LowerLimit>
				<UpperLimit>331</UpperLimit>
			</CenterOfGravityLimit>
		</Longitudinal>
		<Lateral />
	</CenterOfGravityLimits>
	<ZeroFuelBallastWeight Units="Pounds">25883</ZeroFuelBallastWeight>
	<MaximumAllUpWeight Units="Pounds">50000</MaximumAllUpWeight>
	<CenterOfGravityCorrectionFactor>
		<Lateral>0</Lateral>
		<Longitudinal>0</Longitudinal>
	</CenterOfGravityCorrectionFactor>
	<BasicCenterOfGravity>
		<Longitudinal>330.8</Longitudinal>
		<Lateral>0</Lateral>
	</BasicCenterOfGravity>
	<EventMonitoring>
		<Touchdown>
			<TorqueLessThanPercent>5</TorqueLessThanPercent>
			<RadAltLessThanFeet>1</RadAltLessThanFeet>
		</Touchdown>
		<Depart>
			<TorqueGreaterThanPercent>200</TorqueGreaterThanPercent>
			<RadAltGreaterThanFeet>500</RadAltGreaterThanFeet>
		</Depart>
		<HoverAbeamGoodSeconds>30</HoverAbeamGoodSeconds>
		<HoverHighGoodSeconds>30</HoverHighGoodSeconds>
	</EventMonitoring>
	<ManualFuelBurnUpdateRateMs>5000</ManualFuelBurnUpdateRateMs>
	<ReferredWeights Units="Pounds">
		<ReferredWeight>
			<WeightBand>
				<ReferredWeight>33000</ReferredWeight>
				<ReferredTemperatureDegreesCelsius>10</ReferredTemperatureDegreesCelsius>
			</WeightBand>
			<AvailableTorque>
				<SteadyStateLessThanEqualToPercent>100</SteadyStateLessThanEqualToPercent>
				<TransientLessThanEqualToPercent>100</TransientLessThanEqualToPercent>
			</AvailableTorque>
			<PhysicalGearboxLimits>
				<SteadyStateLessThanEqualToPercent>100</SteadyStateLessThanEqualToPercent>
				<TransientLessThanEqualToPercent>100</TransientLessThanEqualToPercent>
			</PhysicalGearboxLimits>
			<TorqueMarginLimits>
				<Day>
					<SteadyStateLessThanEqualToPercent>10</SteadyStateLessThanEqualToPercent>
					<TransientLessThanEqualToPercent>0</TransientLessThanEqualToPercent>
					<TransientTimeSeconds>2</TransientTimeSeconds>
				</Day>
				<Night>
					<SteadyStateLessThanEqualToPercent>10</SteadyStateLessThanEqualToPercent>
					<TransientLessThanEqualToPercent>0</TransientLessThanEqualToPercent>
					<TransientTimeSeconds>2</TransientTimeSeconds>
				</Night>
			</TorqueMarginLimits>
			<TorqueCorrectionCoefficients>
				<A>7.8E-06</A>
				<B>4.7876035</B>
			</TorqueCorrectionCoefficients>
		</ReferredWeight>
		<ReferredWeight>
			<WeightBand>
				<ReferredWeight>33000</ReferredWeight>
				<ReferredTemperatureDegreesCelsius>15</ReferredTemperatureDegreesCelsius>
			</WeightBand>
			<AvailableTorque>
				<SteadyStateLessThanEqualToPercent>100</SteadyStateLessThanEqualToPercent>
				<TransientLessThanEqualToPercent>100</TransientLessThanEqualToPercent>
			</AvailableTorque>
			<PhysicalGearboxLimits>
				<SteadyStateLessThanEqualToPercent>100</SteadyStateLessThanEqualToPercent>
				<TransientLessThanEqualToPercent>100</TransientLessThanEqualToPercent>
			</PhysicalGearboxLimits>
			<TorqueMarginLimits>
				<Day>
					<SteadyStateLessThanEqualToPercent>5</SteadyStateLessThanEqualToPercent>
					<TransientLessThanEqualToPercent>0</TransientLessThanEqualToPercent>
					<TransientTimeSeconds>2</TransientTimeSeconds>
				</Day>
				<Night>
					<SteadyStateLessThanEqualToPercent>5</SteadyStateLessThanEqualToPercent>
					<TransientLessThanEqualToPercent>0</TransientLessThanEqualToPercent>
					<TransientTimeSeconds>2</TransientTimeSeconds>
				</Night>
			</TorqueMarginLimits>
			<TorqueCorrectionCoefficients>
				<A>7.8E-06</A>
				<B>4.7876035</B>
			</TorqueCorrectionCoefficients>
		</ReferredWeight>
		<ReferredWeight>
			<WeightBand>
				<ReferredWeight>40000</ReferredWeight>
				<ReferredTemperatureDegreesCelsius>10</ReferredTemperatureDegreesCelsius>
			</WeightBand>
			<AvailableTorque>
				<SteadyStateLessThanEqualToPercent>100</SteadyStateLessThanEqualToPercent>
				<TransientLessThanEqualToPercent>100</TransientLessThanEqualToPercent>
			</AvailableTorque>
			<PhysicalGearboxLimits>
				<SteadyStateLessThanEqualToPercent>100</SteadyStateLessThanEqualToPercent>
				<TransientLessThanEqualToPercent>100</TransientLessThanEqualToPercent>
			</PhysicalGearboxLimits>
			<TorqueMarginLimits>
				<Day>
					<SteadyStateLessThanEqualToPercent>10</SteadyStateLessThanEqualToPercent>
					<TransientLessThanEqualToPercent>0</TransientLessThanEqualToPercent>
					<TransientTimeSeconds>2</TransientTimeSeconds>
				</Day>
				<Night>
					<SteadyStateLessThanEqualToPercent>10</SteadyStateLessThanEqualToPercent>
					<TransientLessThanEqualToPercent>0</TransientLessThanEqualToPercent>
					<TransientTimeSeconds>2</TransientTimeSeconds>
				</Night>
			</TorqueMarginLimits>
			<TorqueCorrectionCoefficients>
				<A>7.8E-06</A>
				<B>4.7876035</B>
			</TorqueCorrectionCoefficients>
		</ReferredWeight>
		<ReferredWeight>
			<WeightBand>
				<ReferredWeight>40000</ReferredWeight>
				<ReferredTemperatureDegreesCelsius>15</ReferredTemperatureDegreesCelsius>
			</WeightBand>
			<AvailableTorque>
				<SteadyStateLessThanEqualToPercent>100</SteadyStateLessThanEqualToPercent>
				<TransientLessThanEqualToPercent>100</TransientLessThanEqualToPercent>
			</AvailableTorque>
			<PhysicalGearboxLimits>
				<SteadyStateLessThanEqualToPercent>100</SteadyStateLessThanEqualToPercent>
				<TransientLessThanEqualToPercent>100</TransientLessThanEqualToPercent>
			</PhysicalGearboxLimits>
			<TorqueMarginLimits>
				<Day>
					<SteadyStateLessThanEqualToPercent>5</SteadyStateLessThanEqualToPercent>
					<TransientLessThanEqualToPercent>0</TransientLessThanEqualToPercent>
					<TransientTimeSeconds>2</TransientTimeSeconds>
				</Day>
				<Night>
					<SteadyStateLessThanEqualToPercent>5</SteadyStateLessThanEqualToPercent>
					<TransientLessThanEqualToPercent>0</TransientLessThanEqualToPercent>
					<TransientTimeSeconds>2</TransientTimeSeconds>
				</Night>
			</TorqueMarginLimits>
			<TorqueCorrectionCoefficients>
				<A>7.8E-06</A>
				<B>4.7876035</B>
			</TorqueCorrectionCoefficients>
		</ReferredWeight>
		<ReferredWeight>
			<WeightBand>
				<ReferredWeight>45000</ReferredWeight>
				<ReferredTemperatureDegreesCelsius>10</ReferredTemperatureDegreesCelsius>
			</WeightBand>
			<AvailableTorque>
				<SteadyStateLessThanEqualToPercent>100</SteadyStateLessThanEqualToPercent>
				<TransientLessThanEqualToPercent>100</TransientLessThanEqualToPercent>
			</AvailableTorque>
			<PhysicalGearboxLimits>
				<SteadyStateLessThanEqualToPercent>100</SteadyStateLessThanEqualToPercent>
				<TransientLessThanEqualToPercent>100</TransientLessThanEqualToPercent>
			</PhysicalGearboxLimits>
			<TorqueMarginLimits>
				<Day>
					<SteadyStateLessThanEqualToPercent>10</SteadyStateLessThanEqualToPercent>
					<TransientLessThanEqualToPercent>0</TransientLessThanEqualToPercent>
					<TransientTimeSeconds>2</TransientTimeSeconds>
				</Day>
				<Night>
					<SteadyStateLessThanEqualToPercent>10</SteadyStateLessThanEqualToPercent>
					<TransientLessThanEqualToPercent>0</TransientLessThanEqualToPercent>
					<TransientTimeSeconds>2</TransientTimeSeconds>
				</Night>
			</TorqueMarginLimits>
			<TorqueCorrectionCoefficients>
				<A>7.8E-06</A>
				<B>4.7876035</B>
			</TorqueCorrectionCoefficients>
		</ReferredWeight>
		<ReferredWeight>
			<WeightBand>
				<ReferredWeight>45000</ReferredWeight>
				<ReferredTemperatureDegreesCelsius>15</ReferredTemperatureDegreesCelsius>
			</WeightBand>
			<AvailableTorque>
				<SteadyStateLessThanEqualToPercent>100</SteadyStateLessThanEqualToPercent>
				<TransientLessThanEqualToPercent>100</TransientLessThanEqualToPercent>
			</AvailableTorque>
			<PhysicalGearboxLimits>
				<SteadyStateLessThanEqualToPercent>100</SteadyStateLessThanEqualToPercent>
				<TransientLessThanEqualToPercent>100</TransientLessThanEqualToPercent>
			</PhysicalGearboxLimits>
			<TorqueMarginLimits>
				<Day>
					<SteadyStateLessThanEqualToPercent>5</SteadyStateLessThanEqualToPercent>
					<TransientLessThanEqualToPercent>0</TransientLessThanEqualToPercent>
					<TransientTimeSeconds>2</TransientTimeSeconds>
				</Day>
				<Night>
					<SteadyStateLessThanEqualToPercent>5</SteadyStateLessThanEqualToPercent>
					<TransientLessThanEqualToPercent>0</TransientLessThanEqualToPercent>
					<TransientTimeSeconds>2</TransientTimeSeconds>
				</Night>
			</TorqueMarginLimits>
			<TorqueCorrectionCoefficients>
				<A>7.8E-06</A>
				<B>4.7876035</B>
			</TorqueCorrectionCoefficients>
		</ReferredWeight>
		<ReferredWeight>
			<WeightBand>
				<ReferredWeight>45000</ReferredWeight>
				<ReferredTemperatureDegreesCelsius>20</ReferredTemperatureDegreesCelsius>
			</WeightBand>
			<AvailableTorque>
				<SteadyStateLessThanEqualToPercent>100</SteadyStateLessThanEqualToPercent>
				<TransientLessThanEqualToPercent>100</TransientLessThanEqualToPercent>
			</AvailableTorque>
			<PhysicalGearboxLimits>
				<SteadyStateLessThanEqualToPercent>100</SteadyStateLessThanEqualToPercent>
				<TransientLessThanEqualToPercent>100</TransientLessThanEqualToPercent>
			</PhysicalGearboxLimits>
			<TorqueMarginLimits>
				<Day>
					<SteadyStateLessThanEqualToPercent>5</SteadyStateLessThanEqualToPercent>
					<TransientLessThanEqualToPercent>0</TransientLessThanEqualToPercent>
					<TransientTimeSeconds>2</TransientTimeSeconds>
				</Day>
				<Night>
					<SteadyStateLessThanEqualToPercent>5</SteadyStateLessThanEqualToPercent>
					<TransientLessThanEqualToPercent>0</TransientLessThanEqualToPercent>
					<TransientTimeSeconds>2</TransientTimeSeconds>
				</Night>
			</TorqueMarginLimits>
			<TorqueCorrectionCoefficients>
				<A>7.8E-06</A>
				<B>4.7876035</B>
			</TorqueCorrectionCoefficients>
		</ReferredWeight>
		<ReferredWeight>
			<WeightBand>
				<ReferredWeight>47000</ReferredWeight>
				<ReferredTemperatureDegreesCelsius>10</ReferredTemperatureDegreesCelsius>
			</WeightBand>
			<AvailableTorque>
				<SteadyStateLessThanEqualToPercent>100</SteadyStateLessThanEqualToPercent>
				<TransientLessThanEqualToPercent>100</TransientLessThanEqualToPercent>
			</AvailableTorque>
			<PhysicalGearboxLimits>
				<SteadyStateLessThanEqualToPercent>100</SteadyStateLessThanEqualToPercent>
				<TransientLessThanEqualToPercent>100</TransientLessThanEqualToPercent>
			</PhysicalGearboxLimits>
			<TorqueMarginLimits>
				<Day>
					<SteadyStateLessThanEqualToPercent>10</SteadyStateLessThanEqualToPercent>
					<TransientLessThanEqualToPercent>0</TransientLessThanEqualToPercent>
					<TransientTimeSeconds>2</TransientTimeSeconds>
				</Day>
				<Night>
					<SteadyStateLessThanEqualToPercent>10</SteadyStateLessThanEqualToPercent>
					<TransientLessThanEqualToPercent>0</TransientLessThanEqualToPercent>
					<TransientTimeSeconds>2</TransientTimeSeconds>
				</Night>
			</TorqueMarginLimits>
			<TorqueCorrectionCoefficients>
				<A>7.8E-06</A>
				<B>4.7876035</B>
			</TorqueCorrectionCoefficients>
		</ReferredWeight>
		<ReferredWeight>
			<WeightBand>
				<ReferredWeight>47000</ReferredWeight>
				<ReferredTemperatureDegreesCelsius>15</ReferredTemperatureDegreesCelsius>
			</WeightBand>
			<AvailableTorque>
				<SteadyStateLessThanEqualToPercent>100</SteadyStateLessThanEqualToPercent>
				<TransientLessThanEqualToPercent>100</TransientLessThanEqualToPercent>
			</AvailableTorque>
			<PhysicalGearboxLimits>
				<SteadyStateLessThanEqualToPercent>100</SteadyStateLessThanEqualToPercent>
				<TransientLessThanEqualToPercent>100</TransientLessThanEqualToPercent>
			</PhysicalGearboxLimits>
			<TorqueMarginLimits>
				<Day>
					<SteadyStateLessThanEqualToPercent>5</SteadyStateLessThanEqualToPercent>
					<TransientLessThanEqualToPercent>0</TransientLessThanEqualToPercent>
					<TransientTimeSeconds>2</TransientTimeSeconds>
				</Day>
				<Night>
					<SteadyStateLessThanEqualToPercent>5</SteadyStateLessThanEqualToPercent>
					<TransientLessThanEqualToPercent>0</TransientLessThanEqualToPercent>
					<TransientTimeSeconds>2</TransientTimeSeconds>
				</Night>
			</TorqueMarginLimits>
			<TorqueCorrectionCoefficients>
				<A>7.8E-06</A>
				<B>4.7876035</B>
			</TorqueCorrectionCoefficients>
		</ReferredWeight>
		<ReferredWeight>
			<WeightBand>
				<ReferredWeight>47000</ReferredWeight>
				<ReferredTemperatureDegreesCelsius>20</ReferredTemperatureDegreesCelsius>
			</WeightBand>
			<AvailableTorque>
				<SteadyStateLessThanEqualToPercent>100</SteadyStateLessThanEqualToPercent>
				<TransientLessThanEqualToPercent>100</TransientLessThanEqualToPercent>
			</AvailableTorque>
			<PhysicalGearboxLimits>
				<SteadyStateLessThanEqualToPercent>100</SteadyStateLessThanEqualToPercent>
				<TransientLessThanEqualToPercent>100</TransientLessThanEqualToPercent>
			</PhysicalGearboxLimits>
			<TorqueMarginLimits>
				<Day>
					<SteadyStateLessThanEqualToPercent>5</SteadyStateLessThanEqualToPercent>
					<TransientLessThanEqualToPercent>0</TransientLessThanEqualToPercent>
					<TransientTimeSeconds>2</TransientTimeSeconds>
				</Day>
				<Night>
					<SteadyStateLessThanEqualToPercent>5</SteadyStateLessThanEqualToPercent>
					<TransientLessThanEqualToPercent>0</TransientLessThanEqualToPercent>
					<TransientTimeSeconds>2</TransientTimeSeconds>
				</Night>
			</TorqueMarginLimits>
			<TorqueCorrectionCoefficients>
				<A>7.8E-06</A>
				<B>4.7876035</B>
			</TorqueCorrectionCoefficients>
		</ReferredWeight>
		<ReferredWeight>
			<WeightBand>
				<ReferredWeight>48500</ReferredWeight>
				<ReferredTemperatureDegreesCelsius>10</ReferredTemperatureDegreesCelsius>
			</WeightBand>
			<AvailableTorque>
				<SteadyStateLessThanEqualToPercent>100</SteadyStateLessThanEqualToPercent>
				<TransientLessThanEqualToPercent>100</TransientLessThanEqualToPercent>
			</AvailableTorque>
			<PhysicalGearboxLimits>
				<SteadyStateLessThanEqualToPercent>100</SteadyStateLessThanEqualToPercent>
				<TransientLessThanEqualToPercent>100</TransientLessThanEqualToPercent>
			</PhysicalGearboxLimits>
			<TorqueMarginLimits>
				<Day>
					<SteadyStateLessThanEqualToPercent>10</SteadyStateLessThanEqualToPercent>
					<TransientLessThanEqualToPercent>0</TransientLessThanEqualToPercent>
					<TransientTimeSeconds>2</TransientTimeSeconds>
				</Day>
				<Night>
					<SteadyStateLessThanEqualToPercent>10</SteadyStateLessThanEqualToPercent>
					<TransientLessThanEqualToPercent>0</TransientLessThanEqualToPercent>
					<TransientTimeSeconds>2</TransientTimeSeconds>
				</Night>
			</TorqueMarginLimits>
			<TorqueCorrectionCoefficients>
				<A>7.8E-06</A>
				<B>4.7876035</B>
			</TorqueCorrectionCoefficients>
		</ReferredWeight>
		<ReferredWeight>
			<WeightBand>
				<ReferredWeight>48500</ReferredWeight>
				<ReferredTemperatureDegreesCelsius>15</ReferredTemperatureDegreesCelsius>
			</WeightBand>
			<AvailableTorque>
				<SteadyStateLessThanEqualToPercent>100</SteadyStateLessThanEqualToPercent>
				<TransientLessThanEqualToPercent>100</TransientLessThanEqualToPercent>
			</AvailableTorque>
			<PhysicalGearboxLimits>
				<SteadyStateLessThanEqualToPercent>100</SteadyStateLessThanEqualToPercent>
				<TransientLessThanEqualToPercent>100</TransientLessThanEqualToPercent>
			</PhysicalGearboxLimits>
			<TorqueMarginLimits>
				<Day>
					<SteadyStateLessThanEqualToPercent>5</SteadyStateLessThanEqualToPercent>
					<TransientLessThanEqualToPercent>0</TransientLessThanEqualToPercent>
					<TransientTimeSeconds>2</TransientTimeSeconds>
				</Day>
				<Night>
					<SteadyStateLessThanEqualToPercent>5</SteadyStateLessThanEqualToPercent>
					<TransientLessThanEqualToPercent>0</TransientLessThanEqualToPercent>
					<TransientTimeSeconds>2</TransientTimeSeconds>
				</Night>
			</TorqueMarginLimits>
			<TorqueCorrectionCoefficients>
				<A>7.8E-06</A>
				<B>4.7876035</B>
			</TorqueCorrectionCoefficients>
		</ReferredWeight>
		<ReferredWeight>
			<WeightBand>
				<ReferredWeight>48500</ReferredWeight>
				<ReferredTemperatureDegreesCelsius>20</ReferredTemperatureDegreesCelsius>
			</WeightBand>
			<AvailableTorque>
				<SteadyStateLessThanEqualToPercent>100</SteadyStateLessThanEqualToPercent>
				<TransientLessThanEqualToPercent>100</TransientLessThanEqualToPercent>
			</AvailableTorque>
			<PhysicalGearboxLimits>
				<SteadyStateLessThanEqualToPercent>100</SteadyStateLessThanEqualToPercent>
				<TransientLessThanEqualToPercent>100</TransientLessThanEqualToPercent>
			</PhysicalGearboxLimits>
			<TorqueMarginLimits>
				<Day>
					<SteadyStateLessThanEqualToPercent>5</SteadyStateLessThanEqualToPercent>
					<TransientLessThanEqualToPercent>0</TransientLessThanEqualToPercent>
					<TransientTimeSeconds>2</TransientTimeSeconds>
				</Day>
				<Night>
					<SteadyStateLessThanEqualToPercent>5</SteadyStateLessThanEqualToPercent>
					<TransientLessThanEqualToPercent>0</TransientLessThanEqualToPercent>
					<TransientTimeSeconds>2</TransientTimeSeconds>
				</Night>
			</TorqueMarginLimits>
			<TorqueCorrectionCoefficients>
				<A>7.8E-06</A>
				<B>4.7876035</B>
			</TorqueCorrectionCoefficients>
		</ReferredWeight>
		<ReferredWeight>
			<WeightBand>
				<ReferredWeight>49000</ReferredWeight>
				<ReferredTemperatureDegreesCelsius>10</ReferredTemperatureDegreesCelsius>
			</WeightBand>
			<AvailableTorque>
				<SteadyStateLessThanEqualToPercent>100</SteadyStateLessThanEqualToPercent>
				<TransientLessThanEqualToPercent>100</TransientLessThanEqualToPercent>
			</AvailableTorque>
			<PhysicalGearboxLimits>
				<SteadyStateLessThanEqualToPercent>100</SteadyStateLessThanEqualToPercent>
				<TransientLessThanEqualToPercent>100</TransientLessThanEqualToPercent>
			</PhysicalGearboxLimits>
			<TorqueMarginLimits>
				<Day>
					<SteadyStateLessThanEqualToPercent>10</SteadyStateLessThanEqualToPercent>
					<TransientLessThanEqualToPercent>0</TransientLessThanEqualToPercent>
					<TransientTimeSeconds>2</TransientTimeSeconds>
				</Day>
				<Night>
					<SteadyStateLessThanEqualToPercent>10</SteadyStateLessThanEqualToPercent>
					<TransientLessThanEqualToPercent>0</TransientLessThanEqualToPercent>
					<TransientTimeSeconds>2</TransientTimeSeconds>
				</Night>
			</TorqueMarginLimits>
			<TorqueCorrectionCoefficients>
				<A>7.8E-06</A>
				<B>4.7876035</B>
			</TorqueCorrectionCoefficients>
		</ReferredWeight>
		<ReferredWeight>
			<WeightBand>
				<ReferredWeight>49000</ReferredWeight>
				<ReferredTemperatureDegreesCelsius>15</ReferredTemperatureDegreesCelsius>
			</WeightBand>
			<AvailableTorque>
				<SteadyStateLessThanEqualToPercent>100</SteadyStateLessThanEqualToPercent>
				<TransientLessThanEqualToPercent>100</TransientLessThanEqualToPercent>
			</AvailableTorque>
			<PhysicalGearboxLimits>
				<SteadyStateLessThanEqualToPercent>100</SteadyStateLessThanEqualToPercent>
				<TransientLessThanEqualToPercent>100</TransientLessThanEqualToPercent>
			</PhysicalGearboxLimits>
			<TorqueMarginLimits>
				<Day>
					<SteadyStateLessThanEqualToPercent>5</SteadyStateLessThanEqualToPercent>
					<TransientLessThanEqualToPercent>0</TransientLessThanEqualToPercent>
					<TransientTimeSeconds>2</TransientTimeSeconds>
				</Day>
				<Night>
					<SteadyStateLessThanEqualToPercent>5</SteadyStateLessThanEqualToPercent>
					<TransientLessThanEqualToPercent>0</TransientLessThanEqualToPercent>
					<TransientTimeSeconds>2</TransientTimeSeconds>
				</Night>
			</TorqueMarginLimits>
			<TorqueCorrectionCoefficients>
				<A>7.8E-06</A>
				<B>4.7876035</B>
			</TorqueCorrectionCoefficients>
		</ReferredWeight>
		<ReferredWeight>
			<WeightBand>
				<ReferredWeight>49000</ReferredWeight>
				<ReferredTemperatureDegreesCelsius>20</ReferredTemperatureDegreesCelsius>
			</WeightBand>
			<AvailableTorque>
				<SteadyStateLessThanEqualToPercent>100</SteadyStateLessThanEqualToPercent>
				<TransientLessThanEqualToPercent>100</TransientLessThanEqualToPercent>
			</AvailableTorque>
			<PhysicalGearboxLimits>
				<SteadyStateLessThanEqualToPercent>100</SteadyStateLessThanEqualToPercent>
				<TransientLessThanEqualToPercent>100</TransientLessThanEqualToPercent>
			</PhysicalGearboxLimits>
			<TorqueMarginLimits>
				<Day>
					<SteadyStateLessThanEqualToPercent>5</SteadyStateLessThanEqualToPercent>
					<TransientLessThanEqualToPercent>0</TransientLessThanEqualToPercent>
					<TransientTimeSeconds>2</TransientTimeSeconds>
				</Day>
				<Night>
					<SteadyStateLessThanEqualToPercent>5</SteadyStateLessThanEqualToPercent>
					<TransientLessThanEqualToPercent>0</TransientLessThanEqualToPercent>
					<TransientTimeSeconds>2</TransientTimeSeconds>
				</Night>
			</TorqueMarginLimits>
			<TorqueCorrectionCoefficients>
				<A>7.8E-06</A>
				<B>4.7876035</B>
			</TorqueCorrectionCoefficients>
		</ReferredWeight>
		<ReferredWeight>
			<WeightBand>
				<ReferredWeight>50000</ReferredWeight>
				<ReferredTemperatureDegreesCelsius>10</ReferredTemperatureDegreesCelsius>
			</WeightBand>
			<AvailableTorque>
				<SteadyStateLessThanEqualToPercent>100</SteadyStateLessThanEqualToPercent>
				<TransientLessThanEqualToPercent>100</TransientLessThanEqualToPercent>
			</AvailableTorque>
			<PhysicalGearboxLimits>
				<SteadyStateLessThanEqualToPercent>100</SteadyStateLessThanEqualToPercent>
				<TransientLessThanEqualToPercent>100</TransientLessThanEqualToPercent>
			</PhysicalGearboxLimits>
			<TorqueMarginLimits>
				<Day>
					<SteadyStateLessThanEqualToPercent>10</SteadyStateLessThanEqualToPercent>
					<TransientLessThanEqualToPercent>0</TransientLessThanEqualToPercent>
					<TransientTimeSeconds>2</TransientTimeSeconds>
				</Day>
				<Night>
					<SteadyStateLessThanEqualToPercent>10</SteadyStateLessThanEqualToPercent>
					<TransientLessThanEqualToPercent>0</TransientLessThanEqualToPercent>
					<TransientTimeSeconds>2</TransientTimeSeconds>
				</Night>
			</TorqueMarginLimits>
			<TorqueCorrectionCoefficients>
				<A>7.8E-06</A>
				<B>4.7876035</B>
			</TorqueCorrectionCoefficients>
		</ReferredWeight>
		<ReferredWeight>
			<WeightBand>
				<ReferredWeight>50000</ReferredWeight>
				<ReferredTemperatureDegreesCelsius>15</ReferredTemperatureDegreesCelsius>
			</WeightBand>
			<AvailableTorque>
				<SteadyStateLessThanEqualToPercent>100</SteadyStateLessThanEqualToPercent>
				<TransientLessThanEqualToPercent>100</TransientLessThanEqualToPercent>
			</AvailableTorque>
			<PhysicalGearboxLimits>
				<SteadyStateLessThanEqualToPercent>100</SteadyStateLessThanEqualToPercent>
				<TransientLessThanEqualToPercent>100</TransientLessThanEqualToPercent>
			</PhysicalGearboxLimits>
			<TorqueMarginLimits>
				<Day>
					<SteadyStateLessThanEqualToPercent>5</SteadyStateLessThanEqualToPercent>
					<TransientLessThanEqualToPercent>0</TransientLessThanEqualToPercent>
					<TransientTimeSeconds>2</TransientTimeSeconds>
				</Day>
				<Night>
					<SteadyStateLessThanEqualToPercent>5</SteadyStateLessThanEqualToPercent>
					<TransientLessThanEqualToPercent>0</TransientLessThanEqualToPercent>
					<TransientTimeSeconds>2</TransientTimeSeconds>
				</Night>
			</TorqueMarginLimits>
			<TorqueCorrectionCoefficients>
				<A>7.8E-06</A>
				<B>4.7876035</B>
			</TorqueCorrectionCoefficients>
		</ReferredWeight>
		<ReferredWeight>
			<WeightBand>
				<ReferredWeight>50000</ReferredWeight>
				<ReferredTemperatureDegreesCelsius>20</ReferredTemperatureDegreesCelsius>
			</WeightBand>
			<AvailableTorque>
				<SteadyStateLessThanEqualToPercent>100</SteadyStateLessThanEqualToPercent>
				<TransientLessThanEqualToPercent>100</TransientLessThanEqualToPercent>
			</AvailableTorque>
			<PhysicalGearboxLimits>
				<SteadyStateLessThanEqualToPercent>100</SteadyStateLessThanEqualToPercent>
				<TransientLessThanEqualToPercent>100</TransientLessThanEqualToPercent>
			</PhysicalGearboxLimits>
			<TorqueMarginLimits>
				<Day>
					<SteadyStateLessThanEqualToPercent>5</SteadyStateLessThanEqualToPercent>
					<TransientLessThanEqualToPercent>0</TransientLessThanEqualToPercent>
					<TransientTimeSeconds>2</TransientTimeSeconds>
				</Day>
				<Night>
					<SteadyStateLessThanEqualToPercent>5</SteadyStateLessThanEqualToPercent>
					<TransientLessThanEqualToPercent>0</TransientLessThanEqualToPercent>
					<TransientTimeSeconds>2</TransientTimeSeconds>
				</Night>
			</TorqueMarginLimits>
			<TorqueCorrectionCoefficients>
				<A>7.8E-06</A>
				<B>4.7876035</B>
			</TorqueCorrectionCoefficients>
		</ReferredWeight>
	</ReferredWeights>
</AircraftConfiguration>