﻿<?xml version="1.0" encoding="utf-8"?>
<CyclicBoundary xmlns:xsi="http://www.w3.org/2001/XMLSchema-instance" xmlns:xsd="http://www.w3.org/2001/XMLSchema">
  <Points>
    <Point>
      <Latitude>55.16689</Latitude>
      <Longitude>101.91463</Longitude>
    </Point>
    <Point>
      <Latitude>58.20634</Latitude>
      <Longitude>101.75488</Longitude>
    </Point>
    <Point>
      <Latitude>64.74117</Latitude>
      <Longitude>100.47691</Longitude>
    </Point>
    <Point>
      <Latitude>68.69246</Latitude>
      <Longitude>99.0392</Longitude>
    </Point>
    <Point>
      <Latitude>74.77136</Latitude>
      <Longitude>96.80276</Longitude>
    </Point>
    <Point>
      <Latitude>81.91408</Latitude>
      <Longitude>94.24682</Longitude>
    </Point>
    <Point>
      <Latitude>87.53706</Latitude>
      <Longitude>92.48961</Longitude>
    </Point>
    <Point>
      <Latitude>90.27258</Latitude>
      <Longitude>91.53114</Longitude>
    </Point>
    <Point>
      <Latitude>93.16006</Latitude>
      <Longitude>90.7324</Longitude>
    </Point>
    <Point>
      <Latitude>94.52781</Latitude>
      <Longitude>89.77393</Longitude>
    </Point>
    <Point>
      <Latitude>95.1357</Latitude>
      <Longitude>84.66205</Longitude>
    </Point>
    <Point>
      <Latitude>95.74359</Latitude>
      <Longitude>79.70992</Longitude>
    </Point>
    <Point>
      <Latitude>94.98373</Latitude>
      <Longitude>73.95906</Longitude>
    </Point>
    <Point>
      <Latitude>94.22386</Latitude>
      <Longitude>68.84719</Longitude>
    </Point>
    <Point>
      <Latitude>93.31203</Latitude>
      <Longitude>62.2976</Longitude>
    </Point>
    <Point>
      <Latitude>93.464</Latitude>
      <Longitude>56.86623</Longitude>
    </Point>
    <Point>
      <Latitude>93.31203</Latitude>
      <Longitude>54.15055</Longitude>
    </Point>
    <Point>
      <Latitude>92.55216</Latitude>
      <Longitude>50.95562</Longitude>
    </Point>
    <Point>
      <Latitude>91.48836</Latitude>
      <Longitude>47.92045</Longitude>
    </Point>
    <Point>
      <Latitude>89.36074</Latitude>
      <Longitude>39.93314</Longitude>
    </Point>
    <Point>
      <Latitude>87.23312</Latitude>
      <Longitude>36.09924</Longitude>
    </Point>
    <Point>
      <Latitude>85.40945</Latitude>
      <Longitude>32.58482</Longitude>
    </Point>
    <Point>
      <Latitude>84.04169</Latitude>
      <Longitude>28.91066</Longitude>
    </Point>
    <Point>
      <Latitude>81.76211</Latitude>
      <Longitude>24.75727</Longitude>
    </Point>
    <Point>
      <Latitude>80.09041</Latitude>
      <Longitude>21.56234</Longitude>
    </Point>
    <Point>
      <Latitude>78.26673</Latitude>
      <Longitude>17.88818</Longitude>
    </Point>
    <Point>
      <Latitude>76.59503</Latitude>
      <Longitude>13.73479</Longitude>
    </Point>
    <Point>
      <Latitude>74.77136</Latitude>
      <Longitude>10.06063</Longitude>
    </Point>
    <Point>
      <Latitude>73.09966</Latitude>
      <Longitude>7.1852</Longitude>
    </Point>
    <Point>
      <Latitude>70.06021</Latitude>
      <Longitude>2.07332</Longitude>
    </Point>
    <Point>
      <Latitude>67.78062</Latitude>
      <Longitude>-0.80211</Longitude>
    </Point>
    <Point>
      <Latitude>65.19708</Latitude>
      <Longitude>-0.96186</Longitude>
    </Point>
    <Point>
      <Latitude>62.3096</Latitude>
      <Longitude>-1.28135</Longitude>
    </Point>
    <Point>
      <Latitude>60.03001</Latitude>
      <Longitude>-1.28135</Longitude>
    </Point>
    <Point>
      <Latitude>58.05437</Latitude>
      <Longitude>-1.28135</Longitude>
    </Point>
    <Point>
      <Latitude>49.69587</Latitude>
      <Longitude>-1.28135</Longitude>
    </Point>
    <Point>
      <Latitude>46.2005</Latitude>
      <Longitude>-1.28135</Longitude>
    </Point>
    <Point>
      <Latitude>36.01834</Latitude>
      <Longitude>-1.28135</Longitude>
    </Point>
    <Point>
      <Latitude>32.06705</Latitude>
      <Longitude>-1.44109</Longitude>
    </Point>
    <Point>
      <Latitude>29.02759</Latitude>
      <Longitude>-1.28135</Longitude>
    </Point>
    <Point>
      <Latitude>27.65984</Latitude>
      <Longitude>-1.1216</Longitude>
    </Point>
    <Point>
      <Latitude>24.92433</Latitude>
      <Longitude>2.23307</Longitude>
    </Point>
    <Point>
      <Latitude>22.18882</Latitude>
      <Longitude>5.90723</Longitude>
    </Point>
    <Point>
      <Latitude>20.82107</Latitude>
      <Longitude>7.1852</Longitude>
    </Point>
    <Point>
      <Latitude>19.45332</Latitude>
      <Longitude>9.26189</Longitude>
    </Point>
    <Point>
      <Latitude>15.95794</Latitude>
      <Longitude>14.37377</Longitude>
    </Point>
    <Point>
      <Latitude>12.91849</Latitude>
      <Longitude>19.16615</Longitude>
    </Point>
    <Point>
      <Latitude>10.03101</Latitude>
      <Longitude>23.95853</Longitude>
    </Point>
    <Point>
      <Latitude>5.77578</Latitude>
      <Longitude>30.34838</Longitude>
    </Point>
    <Point>
      <Latitude>3.80013</Latitude>
      <Longitude>34.98101</Longitude>
    </Point>
    <Point>
      <Latitude>1.06463</Latitude>
      <Longitude>41.05137</Longitude>
    </Point>
    <Point>
      <Latitude>-0.30313</Latitude>
      <Longitude>44.72553</Longitude>
    </Point>
    <Point>
      <Latitude>-0.30313</Latitude>
      <Longitude>49.19842</Longitude>
    </Point>
    <Point>
      <Latitude>-0.4551</Latitude>
      <Longitude>52.07385</Longitude>
    </Point>
    <Point>
      <Latitude>-0.30313</Latitude>
      <Longitude>55.26877</Longitude>
    </Point>
    <Point>
      <Latitude>-0.4551</Latitude>
      <Longitude>59.58191</Longitude>
    </Point>
    <Point>
      <Latitude>-0.4551</Latitude>
      <Longitude>62.77684</Longitude>
    </Point>
    <Point>
      <Latitude>-0.4551</Latitude>
      <Longitude>65.65227</Longitude>
    </Point>
    <Point>
      <Latitude>0.00082</Latitude>
      <Longitude>69.32642</Longitude>
    </Point>
    <Point>
      <Latitude>-0.15116</Latitude>
      <Longitude>75.39677</Longitude>
    </Point>
    <Point>
      <Latitude>-0.15116</Latitude>
      <Longitude>80.6684</Longitude>
    </Point>
    <Point>
      <Latitude>0.30476</Latitude>
      <Longitude>85.14129</Longitude>
    </Point>
    <Point>
      <Latitude>0.30476</Latitude>
      <Longitude>87.85697</Longitude>
    </Point>
    <Point>
      <Latitude>1.06463</Latitude>
      <Longitude>88.17647</Longitude>
    </Point>
    <Point>
      <Latitude>6.2317</Latitude>
      <Longitude>89.29469</Longitude>
    </Point>
    <Point>
      <Latitude>20.06121</Latitude>
      <Longitude>92.64935</Longitude>
    </Point>
    <Point>
      <Latitude>32.82691</Latitude>
      <Longitude>96.80276</Longitude>
    </Point>
    <Point>
      <Latitude>40.57751</Latitude>
      <Longitude>99.51844</Longitude>
    </Point>
    <Point>
      <Latitude>44.98472</Latitude>
      <Longitude>100.63666</Longitude>
    </Point>
    <Point>
      <Latitude>51.82349</Latitude>
      <Longitude>101.91463</Longitude>
    </Point>
    <Point>
      <Latitude>55.16689</Latitude>
      <Longitude>101.91463</Longitude>
    </Point>
    <Point>
      <Latitude>55.16689</Latitude>
      <Longitude>101.91463</Longitude>
    </Point>
    <Point>
      <Latitude>55.16689</Latitude>
      <Longitude>101.91463</Longitude>
    </Point>
  </Points>
</CyclicBoundary>
